#include <touchgfx/hal/Types.hpp>

FONT_GLYPH_LOCATION_FLASH_PRAGMA
KEEP extern const uint8_t unicodes_Rubik_Regular_40_4bpp_0[] FONT_GLYPH_LOCATION_FLASH_ATTRIBUTE = {
    // Unicode: [0x0020, space]
    // (Has no glyph data)
    // Unicode: [0x002E, period]
    0xB2, 0xCC, 0x1B, 0xF7, 0xFF, 0x5F, 0xF7, 0xFF, 0x5F, 0xF7, 0xFF, 0x5F, 0xE4, 0xFF, 0x2E,
    // Unicode: [0x0030, zero]
    0x00, 0x00, 0x00, 0x95, 0xEC, 0xEF, 0xAD, 0x16, 0x00, 0x00, 0x00, 0x00, 0x00, 0xD4, 0xFF, 0xFF,
    0xFF, 0xFF, 0xEF, 0x08, 0x00, 0x00, 0x00, 0x60, 0xFF, 0xFF, 0xFF, 0xFF, 0xFF, 0xFF, 0xBF, 0x01,
    0x00, 0x00, 0xF4, 0xFF, 0xFF, 0xAD, 0x99, 0xFC, 0xFF, 0xFF, 0x09, 0x00, 0x10, 0xFE, 0xFF, 0x4C,
    0x00, 0x00, 0x10, 0xF9, 0xFF, 0x5F, 0x00, 0x70, 0xFF, 0xCF, 0x01, 0x00, 0x00, 0x00, 0x80, 0xFF,
    0xCF, 0x00, 0xD0, 0xFF, 0x3F, 0x00, 0x00, 0x00, 0x00, 0x00, 0xFC, 0xFF, 0x03, 0xF1, 0xFF, 0x0B,
    0x00, 0x00, 0x00, 0x00, 0x00, 0xF6, 0xFF, 0x07, 0xF5, 0xFF, 0x07, 0x00, 0x00, 0x00, 0x00, 0x00,
    0xF2, 0xFF, 0x0A, 0xF6, 0xFF, 0x05, 0x00, 0x00, 0x00, 0x00, 0x00, 0xF0, 0xFF, 0x0C, 0xF7, 0xFF,
    0x04, 0x00, 0x00, 0x00, 0x00, 0x00, 0xE0, 0xFF, 0x0D, 0xF8, 0xFF, 0x03, 0x00, 0x00, 0x00, 0x00,
    0x00, 0xD0, 0xFF, 0x0D, 0xF8, 0xFF, 0x03, 0x00, 0x00, 0x00, 0x00, 0x00, 0xD0, 0xFF, 0x0E, 0xF8,
    0xFF, 0x03, 0x00, 0x00, 0x00, 0x00, 0x00, 0xD0, 0xFF, 0x0E, 0xF8, 0xFF, 0x03, 0x00, 0x00, 0x00,
    0x00, 0x00, 0xD0, 0xFF, 0x0E, 0xF8, 0xFF, 0x03, 0x00, 0x00, 0x00, 0x00, 0x00, 0xD0, 0xFF, 0x0E,
    0xF8, 0xFF, 0x03, 0x00, 0x00, 0x00, 0x00, 0x00, 0xD0, 0xFF, 0x0D, 0xF7, 0xFF, 0x04, 0x00, 0x00,
    0x00, 0x00, 0x00, 0xD0, 0xFF, 0x0D, 0xF6, 0xFF, 0x05, 0x00, 0x00, 0x00, 0x00, 0x00, 0xF0, 0xFF,
    0x0C, 0xF5, 0xFF, 0x07, 0x00, 0x00, 0x00, 0x00, 0x00, 0xF2, 0xFF, 0x0A, 0xF2, 0xFF, 0x0B, 0x00,
    0x00, 0x00, 0x00, 0x00, 0xF6, 0xFF, 0x07, 0xD0, 0xFF, 0x3F, 0x00, 0x00, 0x00, 0x00, 0x00, 0xFC,
    0xFF, 0x03, 0x70, 0xFF, 0xCF, 0x01, 0x00, 0x00, 0x00, 0x70, 0xFF, 0xCF, 0x00, 0x10, 0xFE, 0xFF,
    0x3C, 0x00, 0x00, 0x10, 0xF9, 0xFF, 0x5F, 0x00, 0x00, 0xF5, 0xFF, 0xFF, 0xAD, 0x99, 0xFB, 0xFF,
    0xFF, 0x0A, 0x00, 0x00, 0x60, 0xFF, 0xFF, 0xFF, 0xFF, 0xFF, 0xFF, 0xBF, 0x01, 0x00, 0x00, 0x00,
    0xD4, 0xFF, 0xFF, 0xFF, 0xFF, 0xEF, 0x08, 0x00, 0x00, 0x00, 0x00, 0x00, 0x95, 0xEC, 0xEF, 0xAD,
    0x16, 0x00, 0x00, 0x00,
    // Unicode: [0x0031, one]
    0x00, 0x00, 0x00, 0x00, 0x60, 0xFE, 0x9F, 0x00, 0x00, 0x00, 0x10, 0xFA, 0xFF, 0xDF, 0x00, 0x00,
    0x00, 0xC2, 0xFF, 0xFF, 0xDF, 0x00, 0x00, 0x50, 0xFE, 0xFF, 0xFF, 0xDF, 0x00, 0x00, 0xF9, 0xFF,
    0xFF, 0xFF, 0xDF, 0x00, 0xC2, 0xFF, 0xFF, 0x5E, 0xFE, 0xDF, 0x40, 0xFE, 0xFF, 0xCF, 0x02, 0xFE,
    0xDF, 0xF1, 0xFF, 0xFF, 0x09, 0x00, 0xFE, 0xDF, 0xC0, 0xFF, 0x5E, 0x00, 0x00, 0xFE, 0xDF, 0x20,
    0xCD, 0x02, 0x00, 0x00, 0xFE, 0xDF, 0x00, 0x00, 0x00, 0x00, 0x00, 0xFE, 0xDF, 0x00, 0x00, 0x00,
    0x00, 0x00, 0xFE, 0xDF, 0x00, 0x00, 0x00, 0x00, 0x00, 0xFE, 0xDF, 0x00, 0x00, 0x00, 0x00, 0x00,
    0xFE, 0xDF, 0x00, 0x00, 0x00, 0x00, 0x00, 0xFE, 0xDF, 0x00, 0x00, 0x00, 0x00, 0x00, 0xFE, 0xDF,
    0x00, 0x00, 0x00, 0x00, 0x00, 0xFE, 0xDF, 0x00, 0x00, 0x00, 0x00, 0x00, 0xFE, 0xDF, 0x00, 0x00,
    0x00, 0x00, 0x00, 0xFE, 0xDF, 0x00, 0x00, 0x00, 0x00, 0x00, 0xFE, 0xDF, 0x00, 0x00, 0x00, 0x00,
    0x00, 0xFE, 0xDF, 0x00, 0x00, 0x00, 0x00, 0x00, 0xFE, 0xDF, 0x00, 0x00, 0x00, 0x00, 0x00, 0xFE,
    0xDF, 0x00, 0x00, 0x00, 0x00, 0x00, 0xFE, 0xDF, 0x00, 0x00, 0x00, 0x00, 0x00, 0xFE, 0xDF, 0x00,
    0x00, 0x00, 0x00, 0x00, 0xFE, 0xDF, 0x00, 0x00, 0x00, 0x00, 0x00, 0xFE, 0xDF, 0x00, 0x00, 0x00,
    0x00, 0x00, 0xFA, 0x9F,
    // Unicode: [0x0032, two]
    0x00, 0x00, 0x00, 0x72, 0xEB, 0xEF, 0xAD, 0x05, 0x00, 0x00, 0x00, 0x00, 0x00, 0x70, 0xFF, 0xFF,
    0xFF, 0xFF, 0xDF, 0x03, 0x00, 0x00, 0x00, 0x10, 0xFB, 0xFF, 0xFF, 0xFF, 0xFF, 0xFF, 0x6F, 0x00,
    0x00, 0x00, 0xA0, 0xFF, 0xFF, 0xAE, 0x99, 0xFC, 0xFF, 0xFF, 0x03, 0x00, 0x00, 0xF6, 0xFF, 0x7F,
    0x00, 0x00, 0x20, 0xFC, 0xFF, 0x0C, 0x00, 0x00, 0xFE, 0xFF, 0x07, 0x00, 0x00, 0x00, 0xD1, 0xFF,
    0x4F, 0x00, 0x50, 0xFF, 0xCF, 0x00, 0x00, 0x00, 0x00, 0x60, 0xFF, 0x8F, 0x00, 0x80, 0xFF, 0x6F,
    0x00, 0x00, 0x00, 0x00, 0x20, 0xFF, 0xAF, 0x00, 0xA0, 0xFF, 0x1E, 0x00, 0x00, 0x00, 0x00, 0x10,
    0xFF, 0xAF, 0x00, 0x10, 0x55, 0x03, 0x00, 0x00, 0x00, 0x00, 0x30, 0xFF, 0x9F, 0x00, 0x00, 0x00,
    0x00, 0x00, 0x00, 0x00, 0x00, 0x60, 0xFF, 0x8F, 0x00, 0x00, 0x00, 0x00, 0x00, 0x00, 0x00, 0x00,
    0xC0, 0xFF, 0x4F, 0x00, 0x00, 0x00, 0x00, 0x00, 0x00, 0x00, 0x00, 0xF8, 0xFF, 0x0D, 0x00, 0x00,
    0x00, 0x00, 0x00, 0x00, 0x00, 0x80, 0xFF, 0xFF, 0x05, 0x00, 0x00, 0x00, 0x00, 0x00, 0x00, 0x00,
    0xF9, 0xFF, 0x9F, 0x00, 0x00, 0x00, 0x00, 0x00, 0x00, 0x00, 0xA0, 0xFF, 0xFF, 0x0A, 0x00, 0x00,
    0x00, 0x00, 0x00, 0x00, 0x10, 0xFB, 0xFF, 0x9F, 0x00, 0x00, 0x00, 0x00, 0x00, 0x00, 0x00, 0xC2,
    0xFF, 0xFF, 0x08, 0x00, 0x00, 0x00, 0x00, 0x00, 0x00, 0x30, 0xFD, 0xFF, 0x7F, 0x00, 0x00, 0x00,
    0x00, 0x00, 0x00, 0x00, 0xE4, 0xFF, 0xFF, 0x06, 0x00, 0x00, 0x00, 0x00, 0x00, 0x00, 0x50, 0xFF,
    0xFF, 0x5F, 0x00, 0x00, 0x00, 0x00, 0x00, 0x00, 0x00, 0xF6, 0xFF, 0xEF, 0x04, 0x00, 0x00, 0x00,
    0x00, 0x00, 0x00, 0x80, 0xFF, 0xFF, 0x3E, 0x00, 0x00, 0x00, 0x00, 0x00, 0x00, 0x00, 0xF9, 0xFF,
    0xDF, 0x02, 0x00, 0x00, 0x00, 0x00, 0x00, 0x00, 0xA0, 0xFF, 0xFF, 0xAF, 0x88, 0x88, 0x88, 0x88,
    0x88, 0x78, 0x00, 0xF1, 0xFF, 0xFF, 0xFF, 0xFF, 0xFF, 0xFF, 0xFF, 0xFF, 0xFF, 0x04, 0xF1, 0xFF,
    0xFF, 0xFF, 0xFF, 0xFF, 0xFF, 0xFF, 0xFF, 0xFF, 0x05, 0xC0, 0xFF, 0xFF, 0xFF, 0xFF, 0xFF, 0xFF,
    0xFF, 0xFF, 0xEF, 0x02,
    // Unicode: [0x0033, three]
    0x10, 0xFD, 0xFF, 0xFF, 0xFF, 0xFF, 0xFF, 0xFF, 0xFF, 0x7F, 0x00, 0x20, 0xFF, 0xFF, 0xFF, 0xFF,
    0xFF, 0xFF, 0xFF, 0xFF, 0xBF, 0x00, 0x20, 0xFF, 0xFF, 0xFF, 0xFF, 0xFF, 0xFF, 0xFF, 0xFF, 0xBF,
    0x00, 0x00, 0x86, 0x88, 0x88, 0x88, 0x88, 0x88, 0xFD, 0xFF, 0x5F, 0x00, 0x00, 0x00, 0x00, 0x00,
    0x00, 0x00, 0x70, 0xFF, 0xFF, 0x07, 0x00, 0x00, 0x00, 0x00, 0x00, 0x00, 0x00, 0xF6, 0xFF, 0x8F,
    0x00, 0x00, 0x00, 0x00, 0x00, 0x00, 0x00, 0x50, 0xFF, 0xFF, 0x09, 0x00, 0x00, 0x00, 0x00, 0x00,
    0x00, 0x00, 0xF4, 0xFF, 0xAF, 0x00, 0x00, 0x00, 0x00, 0x00, 0x00, 0x00, 0x30, 0xFE, 0xFF, 0x0B,
    0x00, 0x00, 0x00, 0x00, 0x00, 0x00, 0x00, 0xE2, 0xFF, 0xCF, 0x01, 0x00, 0x00, 0x00, 0x00, 0x00,
    0x00, 0x20, 0xFD, 0xFF, 0x1C, 0x00, 0x00, 0x00, 0x00, 0x00, 0x00, 0x00, 0xD1, 0xFF, 0xFF, 0x68,
    0x03, 0x00, 0x00, 0x00, 0x00, 0x00, 0x00, 0xF6, 0xFF, 0xFF, 0xFF, 0xEF, 0x18, 0x00, 0x00, 0x00,
    0x00, 0x00, 0xF6, 0xFF, 0xFF, 0xFF, 0xFF, 0xEF, 0x04, 0x00, 0x00, 0x00, 0x00, 0xE3, 0xFF, 0xFF,
    0xFF, 0xFF, 0xFF, 0x4F, 0x00, 0x00, 0x00, 0x00, 0x00, 0x00, 0x00, 0x41, 0xE9, 0xFF, 0xDF, 0x01,
    0x00, 0x00, 0x00, 0x00, 0x00, 0x00, 0x00, 0x20, 0xFD, 0xFF, 0x06, 0x00, 0x00, 0x00, 0x00, 0x00,
    0x00, 0x00, 0x00, 0xF4, 0xFF, 0x0B, 0x00, 0x00, 0x00, 0x00, 0x00, 0x00, 0x00, 0x00, 0xE0, 0xFF,
    0x0D, 0x00, 0x00, 0x00, 0x00, 0x00, 0x00, 0x00, 0x00, 0xD0, 0xFF, 0x0E, 0xC2, 0xBD, 0x02, 0x00,
    0x00, 0x00, 0x00, 0x00, 0xE0, 0xFF, 0x0D, 0xF5, 0xFF, 0x0A, 0x00, 0x00, 0x00, 0x00, 0x00, 0xF4,
    0xFF, 0x0B, 0xF1, 0xFF, 0x4F, 0x00, 0x00, 0x00, 0x00, 0x10, 0xFC, 0xFF, 0x06, 0xB0, 0xFF, 0xFF,
    0x06, 0x00, 0x00, 0x00, 0xD5, 0xFF, 0xDF, 0x01, 0x20, 0xFE, 0xFF, 0xEF, 0x9B, 0x99, 0xEA, 0xFF,
    0xFF, 0x3E, 0x00, 0x00, 0xE3, 0xFF, 0xFF, 0xFF, 0xFF, 0xFF, 0xFF, 0xEF, 0x04, 0x00, 0x00, 0x10,
    0xF9, 0xFF, 0xFF, 0xFF, 0xFF, 0xFF, 0x2A, 0x00, 0x00, 0x00, 0x00, 0x10, 0xA6, 0xED, 0xFF, 0xBE,
    0x38, 0x00, 0x00, 0x00,
    // Unicode: [0x0034, four]
    0x00, 0x00, 0x00, 0x00, 0x00, 0x00, 0x30, 0xFD, 0x5F, 0x00, 0x00, 0x00, 0x00, 0x00, 0x00, 0x00,
    0x00, 0x00, 0xE2, 0xFF, 0x9F, 0x00, 0x00, 0x00, 0x00, 0x00, 0x00, 0x00, 0x00, 0x00, 0xFC, 0xFF,
    0x9F, 0x00, 0x00, 0x00, 0x00, 0x00, 0x00, 0x00, 0x00, 0x80, 0xFF, 0xFF, 0x9F, 0x00, 0x00, 0x00,
    0x00, 0x00, 0x00, 0x00, 0x00, 0xF5, 0xFF, 0xFF, 0x9F, 0x00, 0x00, 0x00, 0x00, 0x00, 0x00, 0x00,
    0x20, 0xFE, 0xFF, 0xFF, 0x9F, 0x00, 0x00, 0x00, 0x00, 0x00, 0x00, 0x00, 0xC0, 0xFF, 0xEF, 0xFF,
    0x9F, 0x00, 0x00, 0x00, 0x00, 0x00, 0x00, 0x00, 0xF9, 0xFF, 0x5E, 0xFF, 0x9F, 0x00, 0x00, 0x00,
    0x00, 0x00, 0x00, 0x50, 0xFF, 0xFF, 0x35, 0xFF, 0x9F, 0x00, 0x00, 0x00, 0x00, 0x00, 0x00, 0xE2,
    0xFF, 0x9F, 0x30, 0xFF, 0x9F, 0x00, 0x00, 0x00, 0x00, 0x00, 0x00, 0xFC, 0xFF, 0x0C, 0x30, 0xFF,
    0x9F, 0x00, 0x00, 0x00, 0x00, 0x00, 0x90, 0xFF, 0xEF, 0x02, 0x30, 0xFF, 0x9F, 0x00, 0x00, 0x00,
    0x00, 0x00, 0xF5, 0xFF, 0x5F, 0x00, 0x30, 0xFF, 0x9F, 0x00, 0x00, 0x00, 0x00, 0x20, 0xFE, 0xFF,
    0x08, 0x00, 0x30, 0xFF, 0x9F, 0x00, 0x00, 0x00, 0x00, 0xC1, 0xFF, 0xCF, 0x00, 0x00, 0x30, 0xFF,
    0x9F, 0x00, 0x00, 0x00, 0x00, 0xF9, 0xFF, 0x2E, 0x00, 0x00, 0x30, 0xFF, 0x9F, 0x00, 0x00, 0x00,
    0x60, 0xFF, 0xFF, 0x04, 0x00, 0x00, 0x30, 0xFF, 0x9F, 0x00, 0x00, 0x00, 0xE2, 0xFF, 0x8F, 0x00,
    0x00, 0x00, 0x30, 0xFF, 0x9F, 0x00, 0x00, 0x00, 0xFA, 0xFF, 0xFF, 0xFF, 0xFF, 0xFF, 0xFF, 0xFF,
    0xFF, 0xFF, 0xCF, 0x00, 0xFD, 0xFF, 0xFF, 0xFF, 0xFF, 0xFF, 0xFF, 0xFF, 0xFF, 0xFF, 0xFF, 0x02,
    0xFC, 0xFF, 0xFF, 0xFF, 0xFF, 0xFF, 0xFF, 0xFF, 0xFF, 0xFF, 0xFF, 0x01, 0x94, 0x99, 0x99, 0x99,
    0x99, 0x99, 0xA9, 0xFF, 0xCF, 0x99, 0x69, 0x00, 0x00, 0x00, 0x00, 0x00, 0x00, 0x00, 0x30, 0xFF,
    0x9F, 0x00, 0x00, 0x00, 0x00, 0x00, 0x00, 0x00, 0x00, 0x00, 0x30, 0xFF, 0x9F, 0x00, 0x00, 0x00,
    0x00, 0x00, 0x00, 0x00, 0x00, 0x00, 0x30, 0xFF, 0x9F, 0x00, 0x00, 0x00, 0x00, 0x00, 0x00, 0x00,
    0x00, 0x00, 0x30, 0xFF, 0x9F, 0x00, 0x00, 0x00, 0x00, 0x00, 0x00, 0x00, 0x00, 0x00, 0x30, 0xFF,
    0x9F, 0x00, 0x00, 0x00, 0x00, 0x00, 0x00, 0x00, 0x00, 0x00, 0x10, 0xFD, 0x5F, 0x00, 0x00, 0x00,
    // Unicode: [0x0035, five]
    0x00, 0x90, 0xFF, 0xFF, 0xFF, 0xFF, 0xFF, 0xFF, 0xFF, 0x3E, 0x00, 0x00, 0xE0, 0xFF, 0xFF, 0xFF,
    0xFF, 0xFF, 0xFF, 0xFF, 0x6F, 0x00, 0x00, 0xF0, 0xFF, 0xFF, 0xFF, 0xFF, 0xFF, 0xFF, 0xFF, 0x6F,
    0x00, 0x00, 0xF1, 0xFF, 0x8D, 0x88, 0x88, 0x88, 0x88, 0x88, 0x18, 0x00, 0x00, 0xF3, 0xFF, 0x09,
    0x00, 0x00, 0x00, 0x00, 0x00, 0x00, 0x00, 0x00, 0xF4, 0xFF, 0x08, 0x00, 0x00, 0x00, 0x00, 0x00,
    0x00, 0x00, 0x00, 0xF6, 0xFF, 0x06, 0x00, 0x00, 0x00, 0x00, 0x00, 0x00, 0x00, 0x00, 0xF7, 0xFF,
    0x05, 0x00, 0x00, 0x00, 0x00, 0x00, 0x00, 0x00, 0x00, 0xF8, 0xFF, 0x03, 0x00, 0x00, 0x00, 0x00,
    0x00, 0x00, 0x00, 0x00, 0xFA, 0xFF, 0x22, 0x75, 0x88, 0x47, 0x01, 0x00, 0x00, 0x00, 0x00, 0xFB,
    0xFF, 0xFC, 0xFF, 0xFF, 0xFF, 0xAF, 0x02, 0x00, 0x00, 0x00, 0xFD, 0xFF, 0xFF, 0xFF, 0xFF, 0xFF,
    0xFF, 0x6E, 0x00, 0x00, 0x00, 0xFE, 0xFF, 0xFF, 0xFF, 0xFF, 0xFF, 0xFF, 0xFF, 0x08, 0x00, 0x00,
    0xFF, 0xFF, 0xCF, 0x15, 0x10, 0x73, 0xFD, 0xFF, 0x6F, 0x00, 0x00, 0xFD, 0xDF, 0x05, 0x00, 0x00,
    0x00, 0x91, 0xFF, 0xEF, 0x01, 0x00, 0x10, 0x01, 0x00, 0x00, 0x00, 0x00, 0x00, 0xFB, 0xFF, 0x07,
    0x00, 0x00, 0x00, 0x00, 0x00, 0x00, 0x00, 0x00, 0xF3, 0xFF, 0x0B, 0x00, 0x00, 0x00, 0x00, 0x00,
    0x00, 0x00, 0x00, 0xE0, 0xFF, 0x0E, 0x00, 0x00, 0x00, 0x00, 0x00, 0x00, 0x00, 0x00, 0xC0, 0xFF,
    0x0F, 0x60, 0x67, 0x00, 0x00, 0x00, 0x00, 0x00, 0x00, 0xD0, 0xFF, 0x0E, 0xF3, 0xFF, 0x07, 0x00,
    0x00, 0x00, 0x00, 0x00, 0xF1, 0xFF, 0x0C, 0xF2, 0xFF, 0x1E, 0x00, 0x00, 0x00, 0x00, 0x00, 0xF7,
    0xFF, 0x09, 0xD0, 0xFF, 0xBF, 0x01, 0x00, 0x00, 0x00, 0x30, 0xFE, 0xFF, 0x03, 0x60, 0xFF, 0xFF,
    0x4C, 0x00, 0x00, 0x10, 0xE7, 0xFF, 0xAF, 0x00, 0x00, 0xFA, 0xFF, 0xFF, 0xAD, 0x99, 0xEB, 0xFF,
    0xFF, 0x1D, 0x00, 0x00, 0x90, 0xFF, 0xFF, 0xFF, 0xFF, 0xFF, 0xFF, 0xDF, 0x02, 0x00, 0x00, 0x00,
    0xC4, 0xFF, 0xFF, 0xFF, 0xFF, 0xFF, 0x08, 0x00, 0x00, 0x00, 0x00, 0x00, 0x83, 0xDC, 0xFF, 0xBD,
    0x17, 0x00, 0x00, 0x00,
    // Unicode: [0x0036, six]
    0x00, 0x00, 0x00, 0x00, 0x00, 0xA0, 0xFF, 0x2F, 0x00, 0x00, 0x00, 0x00, 0x00, 0x00, 0x00, 0x00,
    0xF7, 0xFF, 0x1E, 0x00, 0x00, 0x00, 0x00, 0x00, 0x00, 0x00, 0x30, 0xFF, 0xFF, 0x05, 0x00, 0x00,
    0x00, 0x00, 0x00, 0x00, 0x00, 0xC0, 0xFF, 0xAF, 0x00, 0x00, 0x00, 0x00, 0x00, 0x00, 0x00, 0x00,
    0xF8, 0xFF, 0x1E, 0x00, 0x00, 0x00, 0x00, 0x00, 0x00, 0x00, 0x40, 0xFF, 0xFF, 0x04, 0x00, 0x00,
    0x00, 0x00, 0x00, 0x00, 0x00, 0xD1, 0xFF, 0x9F, 0x00, 0x00, 0x00, 0x00, 0x00, 0x00, 0x00, 0x00,
    0xF9, 0xFF, 0x1D, 0x00, 0x00, 0x00, 0x00, 0x00, 0x00, 0x00, 0x50, 0xFF, 0xFF, 0x03, 0x00, 0x00,
    0x00, 0x00, 0x00, 0x00, 0x00, 0xE1, 0xFF, 0xEF, 0xFE, 0xCE, 0x38, 0x00, 0x00, 0x00, 0x00, 0x00,
    0xFA, 0xFF, 0xFF, 0xFF, 0xFF, 0xFF, 0x2B, 0x00, 0x00, 0x00, 0x60, 0xFF, 0xFF, 0xFF, 0xFF, 0xFF,
    0xFF, 0xEF, 0x05, 0x00, 0x00, 0xE1, 0xFF, 0xFF, 0xBF, 0x9A, 0xEB, 0xFF, 0xFF, 0x5F, 0x00, 0x00,
    0xFA, 0xFF, 0x8F, 0x01, 0x00, 0x00, 0xE6, 0xFF, 0xEF, 0x02, 0x30, 0xFF, 0xFF, 0x05, 0x00, 0x00,
    0x00, 0x20, 0xFD, 0xFF, 0x09, 0xA0, 0xFF, 0x7F, 0x00, 0x00, 0x00, 0x00, 0x00, 0xF3, 0xFF, 0x1E,
    0xE0, 0xFF, 0x1E, 0x00, 0x00, 0x00, 0x00, 0x00, 0xA0, 0xFF, 0x4F, 0xF2, 0xFF, 0x0B, 0x00, 0x00,
    0x00, 0x00, 0x00, 0x60, 0xFF, 0x7F, 0xF3, 0xFF, 0x09, 0x00, 0x00, 0x00, 0x00, 0x00, 0x50, 0xFF,
    0x7F, 0xF2, 0xFF, 0x0B, 0x00, 0x00, 0x00, 0x00, 0x00, 0x60, 0xFF, 0x7F, 0xE0, 0xFF, 0x1E, 0x00,
    0x00, 0x00, 0x00, 0x00, 0xA0, 0xFF, 0x4F, 0xB0, 0xFF, 0x7F, 0x00, 0x00, 0x00, 0x00, 0x00, 0xF3,
    0xFF, 0x1E, 0x40, 0xFF, 0xFF, 0x04, 0x00, 0x00, 0x00, 0x10, 0xFD, 0xFF, 0x09, 0x00, 0xFB, 0xFF,
    0x8F, 0x01, 0x00, 0x00, 0xE5, 0xFF, 0xEF, 0x02, 0x00, 0xD2, 0xFF, 0xFF, 0xBF, 0x9A, 0xEB, 0xFF,
    0xFF, 0x5F, 0x00, 0x00, 0x20, 0xFD, 0xFF, 0xFF, 0xFF, 0xFF, 0xFF, 0xFF, 0x05, 0x00, 0x00, 0x00,
    0x81, 0xFF, 0xFF, 0xFF, 0xFF, 0xFF, 0x2B, 0x00, 0x00, 0x00, 0x00, 0x00, 0x71, 0xDB, 0xFF, 0xCE,
    0x38, 0x00, 0x00, 0x00,
    // Unicode: [0x0037, seven]
    0xFA, 0xFF, 0xFF, 0xFF, 0xFF, 0xFF, 0xFF, 0xFF, 0xEF, 0x04, 0xFE, 0xFF, 0xFF, 0xFF, 0xFF, 0xFF,
    0xFF, 0xFF, 0xFF, 0x08, 0xFD, 0xFF, 0xFF, 0xFF, 0xFF, 0xFF, 0xFF, 0xFF, 0xFF, 0x07, 0x84, 0x88,
    0x88, 0x88, 0x88, 0x88, 0x88, 0xFE, 0xFF, 0x04, 0x00, 0x00, 0x00, 0x00, 0x00, 0x00, 0x10, 0xFF,
    0xEF, 0x00, 0x00, 0x00, 0x00, 0x00, 0x00, 0x00, 0x70, 0xFF, 0x8F, 0x00, 0x00, 0x00, 0x00, 0x00,
    0x00, 0x00, 0xD0, 0xFF, 0x2F, 0x00, 0x00, 0x00, 0x00, 0x00, 0x00, 0x00, 0xF4, 0xFF, 0x0B, 0x00,
    0x00, 0x00, 0x00, 0x00, 0x00, 0x00, 0xFA, 0xFF, 0x06, 0x00, 0x00, 0x00, 0x00, 0x00, 0x00, 0x10,
    0xFE, 0xEF, 0x01, 0x00, 0x00, 0x00, 0x00, 0x00, 0x00, 0x60, 0xFF, 0x9F, 0x00, 0x00, 0x00, 0x00,
    0x00, 0x00, 0x00, 0xC0, 0xFF, 0x3F, 0x00, 0x00, 0x00, 0x00, 0x00, 0x00, 0x00, 0xF3, 0xFF, 0x0C,
    0x00, 0x00, 0x00, 0x00, 0x00, 0x00, 0x00, 0xF9, 0xFF, 0x07, 0x00, 0x00, 0x00, 0x00, 0x00, 0x00,
    0x00, 0xFE, 0xFF, 0x01, 0x00, 0x00, 0x00, 0x00, 0x00, 0x00, 0x50, 0xFF, 0xAF, 0x00, 0x00, 0x00,
    0x00, 0x00, 0x00, 0x00, 0xB0, 0xFF, 0x4F, 0x00, 0x00, 0x00, 0x00, 0x00, 0x00, 0x00, 0xF2, 0xFF,
    0x0D, 0x00, 0x00, 0x00, 0x00, 0x00, 0x00, 0x00, 0xF8, 0xFF, 0x08, 0x00, 0x00, 0x00, 0x00, 0x00,
    0x00, 0x00, 0xFD, 0xFF, 0x02, 0x00, 0x00, 0x00, 0x00, 0x00, 0x00, 0x40, 0xFF, 0xBF, 0x00, 0x00,
    0x00, 0x00, 0x00, 0x00, 0x00, 0xA0, 0xFF, 0x5F, 0x00, 0x00, 0x00, 0x00, 0x00, 0x00, 0x00, 0xF1,
    0xFF, 0x0E, 0x00, 0x00, 0x00, 0x00, 0x00, 0x00, 0x00, 0xF7, 0xFF, 0x09, 0x00, 0x00, 0x00, 0x00,
    0x00, 0x00, 0x00, 0xFD, 0xFF, 0x03, 0x00, 0x00, 0x00, 0x00, 0x00, 0x00, 0x30, 0xFF, 0xCF, 0x00,
    0x00, 0x00, 0x00, 0x00, 0x00, 0x00, 0x90, 0xFF, 0x6F, 0x00, 0x00, 0x00, 0x00, 0x00, 0x00, 0x00,
    0x80, 0xFF, 0x1C, 0x00, 0x00, 0x00, 0x00, 0x00,
    // Unicode: [0x0038, eight]
    0x00, 0x00, 0x10, 0xA6, 0xED, 0xEF, 0x8C, 0x02, 0x00, 0x00, 0x00, 0x00, 0x00, 0xE6, 0xFF, 0xFF,
    0xFF, 0xFF, 0xAF, 0x01, 0x00, 0x00, 0x00, 0xA0, 0xFF, 0xFF, 0xFF, 0xFF, 0xFF, 0xFF, 0x3E, 0x00,
    0x00, 0x00, 0xF9, 0xFF, 0xFF, 0x9B, 0xA9, 0xFE, 0xFF, 0xEF, 0x02, 0x00, 0x50, 0xFF, 0xFF, 0x19,
    0x00, 0x00, 0x50, 0xFE, 0xFF, 0x0B, 0x00, 0xB0, 0xFF, 0x7F, 0x00, 0x00, 0x00, 0x00, 0xE2, 0xFF,
    0x3F, 0x00, 0xF0, 0xFF, 0x0E, 0x00, 0x00, 0x00, 0x00, 0x70, 0xFF, 0x6F, 0x00, 0xF1, 0xFF, 0x0B,
    0x00, 0x00, 0x00, 0x00, 0x50, 0xFF, 0x7F, 0x00, 0xE0, 0xFF, 0x0E, 0x00, 0x00, 0x00, 0x00, 0x70,
    0xFF, 0x6F, 0x00, 0xB0, 0xFF, 0x7F, 0x00, 0x00, 0x00, 0x00, 0xE2, 0xFF, 0x2F, 0x00, 0x40, 0xFF,
    0xFF, 0x19, 0x00, 0x00, 0x50, 0xFE, 0xFF, 0x0A, 0x00, 0x00, 0xF9, 0xFF, 0xFF, 0x9B, 0xA9, 0xFE,
    0xFF, 0xEF, 0x01, 0x00, 0x00, 0x90, 0xFF, 0xFF, 0xFF, 0xFF, 0xFF, 0xFF, 0x2D, 0x00, 0x00, 0x00,
    0x70, 0xFF, 0xFF, 0xFF, 0xFF, 0xFF, 0xFF, 0x1C, 0x00, 0x00, 0x00, 0xFA, 0xFF, 0xFF, 0xFF, 0xFF,
    0xFF, 0xFF, 0xDF, 0x02, 0x00, 0x70, 0xFF, 0xFF, 0x7D, 0x13, 0x20, 0xB5, 0xFF, 0xFF, 0x0C, 0x00,
    0xF2, 0xFF, 0x9F, 0x01, 0x00, 0x00, 0x00, 0xE4, 0xFF, 0x7F, 0x00, 0xF7, 0xFF, 0x0A, 0x00, 0x00,
    0x00, 0x00, 0x50, 0xFF, 0xDF, 0x00, 0xFB, 0xFF, 0x03, 0x00, 0x00, 0x00, 0x00, 0x00, 0xFC, 0xFF,
    0x02, 0xFC, 0xFF, 0x00, 0x00, 0x00, 0x00, 0x00, 0x00, 0xF9, 0xFF, 0x03, 0xFC, 0xFF, 0x01, 0x00,
    0x00, 0x00, 0x00, 0x00, 0xFA, 0xFF, 0x03, 0xF9, 0xFF, 0x06, 0x00, 0x00, 0x00, 0x00, 0x10, 0xFE,
    0xFF, 0x00, 0xF4, 0xFF, 0x3E, 0x00, 0x00, 0x00, 0x00, 0xB0, 0xFF, 0xAF, 0x00, 0xC0, 0xFF, 0xEF,
    0x17, 0x00, 0x00, 0x40, 0xFC, 0xFF, 0x3F, 0x00, 0x20, 0xFE, 0xFF, 0xFF, 0x9B, 0xA9, 0xFD, 0xFF,
    0xFF, 0x07, 0x00, 0x00, 0xD3, 0xFF, 0xFF, 0xFF, 0xFF, 0xFF, 0xFF, 0x7F, 0x00, 0x00, 0x00, 0x10,
    0xF9, 0xFF, 0xFF, 0xFF, 0xFF, 0xCF, 0x04, 0x00, 0x00, 0x00, 0x00, 0x20, 0xB7, 0xFD, 0xEF, 0x9C,
    0x04, 0x00, 0x00, 0x00,
    // Unicode: [0x0039, nine]
    0x00, 0x00, 0x00, 0x93, 0xEC, 0xEF, 0xAD, 0x05, 0x00, 0x00, 0x00, 0x00, 0x00, 0xB2, 0xFF, 0xFF,
    0xFF, 0xFF, 0xEF, 0x06, 0x00, 0x00, 0x00, 0x50, 0xFE, 0xFF, 0xFF, 0xFF, 0xFF, 0xFF, 0x9F, 0x00,
    0x00, 0x00, 0xF4, 0xFF, 0xFF, 0xAD, 0xA9, 0xFD, 0xFF, 0xFF, 0x09, 0x00, 0x20, 0xFE, 0xFF, 0x3C,
    0x00, 0x00, 0x30, 0xFC, 0xFF, 0x4F, 0x00, 0xA0, 0xFF, 0xAF, 0x00, 0x00, 0x00, 0x00, 0xB0, 0xFF,
    0xBF, 0x00, 0xF2, 0xFF, 0x1E, 0x00, 0x00, 0x00, 0x00, 0x10, 0xFE, 0xFF, 0x02, 0xF6, 0xFF, 0x08,
    0x00, 0x00, 0x00, 0x00, 0x00, 0xF9, 0xFF, 0x05, 0xF8, 0xFF, 0x05, 0x00, 0x00, 0x00, 0x00, 0x00,
    0xF5, 0xFF, 0x07, 0xF8, 0xFF, 0x04, 0x00, 0x00, 0x00, 0x00, 0x00, 0xF5, 0xFF, 0x07, 0xF7, 0xFF,
    0x06, 0x00, 0x00, 0x00, 0x00, 0x00, 0xF6, 0xFF, 0x05, 0xF4, 0xFF, 0x0A, 0x00, 0x00, 0x00, 0x00,
    0x00, 0xFB, 0xFF, 0x02, 0xE1, 0xFF, 0x4F, 0x00, 0x00, 0x00, 0x00, 0x40, 0xFF, 0xBF, 0x00, 0x80,
    0xFF, 0xEF, 0x04, 0x00, 0x00, 0x00, 0xE4, 0xFF, 0x4F, 0x00, 0x10, 0xFD, 0xFF, 0x9F, 0x14, 0x10,
    0xA4, 0xFF, 0xFF, 0x0A, 0x00, 0x00, 0xE3, 0xFF, 0xFF, 0xFF, 0xFF, 0xFF, 0xFF, 0xEF, 0x02, 0x00,
    0x00, 0x20, 0xFD, 0xFF, 0xFF, 0xFF, 0xFF, 0xFF, 0x6F, 0x00, 0x00, 0x00, 0x00, 0x60, 0xFD, 0xFF,
    0xFF, 0xFF, 0xFF, 0x0B, 0x00, 0x00, 0x00, 0x00, 0x00, 0x30, 0x86, 0xC8, 0xFF, 0xEF, 0x02, 0x00,
    0x00, 0x00, 0x00, 0x00, 0x00, 0x00, 0xF3, 0xFF, 0x5F, 0x00, 0x00, 0x00, 0x00, 0x00, 0x00, 0x00,
    0x00, 0xFC, 0xFF, 0x0A, 0x00, 0x00, 0x00, 0x00, 0x00, 0x00, 0x00, 0x80, 0xFF, 0xDF, 0x01, 0x00,
    0x00, 0x00, 0x00, 0x00, 0x00, 0x00, 0xF4, 0xFF, 0x4F, 0x00, 0x00, 0x00, 0x00, 0x00, 0x00, 0x00,
    0x10, 0xFD, 0xFF, 0x09, 0x00, 0x00, 0x00, 0x00, 0x00, 0x00, 0x00, 0x90, 0xFF, 0xDF, 0x01, 0x00,
    0x00, 0x00, 0x00, 0x00, 0x00, 0x00, 0xF5, 0xFF, 0x3F, 0x00, 0x00, 0x00, 0x00, 0x00, 0x00, 0x00,
    0x10, 0xFE, 0xFF, 0x08, 0x00, 0x00, 0x00, 0x00, 0x00, 0x00, 0x00, 0x20, 0xFE, 0xBF, 0x00, 0x00,
    0x00, 0x00, 0x00, 0x00,
    // Unicode: [0x003A, colon]
    0xB1, 0xCC, 0x3C, 0xF4, 0xFF, 0x8F, 0xF4, 0xFF, 0x8F, 0xF4, 0xFF, 0x8F, 0xE2, 0xFF, 0x5F, 0x00,
    0x00, 0x00, 0x00, 0x00, 0x00, 0x00, 0x00, 0x00, 0x00, 0x00, 0x00, 0x00, 0x00, 0x00, 0x00, 0x00,
    0x00, 0x00, 0x00, 0x00, 0x00, 0x00, 0x00, 0x00, 0x00, 0x00, 0xA1, 0xCC, 0x3C, 0xF4, 0xFF, 0x8F,
    0xF4, 0xFF, 0x8F, 0xF4, 0xFF, 0x8F, 0xE2, 0xFF, 0x5F,
    // Unicode: [0x003F, question]
    0x00, 0x00, 0x40, 0xD9, 0xFE, 0xCD, 0x38, 0x00, 0x00, 0x00, 0x00, 0x20, 0xFC, 0xFF, 0xFF, 0xFF,
    0xFF, 0x3C, 0x00, 0x00, 0x00, 0xE5, 0xFF, 0xFF, 0xFF, 0xFF, 0xFF, 0xFF, 0x05, 0x00, 0x30, 0xFE,
    0xFF, 0xAE, 0x66, 0xA7, 0xFE, 0xFF, 0x3E, 0x00, 0xC0, 0xFF, 0xBF, 0x01, 0x00, 0x00, 0xA1, 0xFF,
    0xCF, 0x00, 0xF4, 0xFF, 0x0C, 0x00, 0x00, 0x00, 0x00, 0xFB, 0xFF, 0x03, 0xF9, 0xFF, 0x04, 0x00,
    0x00, 0x00, 0x00, 0xF4, 0xFF, 0x06, 0xFB, 0xDF, 0x00, 0x00, 0x00, 0x00, 0x00, 0xF2, 0xFF, 0x07,
    0x84, 0x38, 0x00, 0x00, 0x00, 0x00, 0x00, 0xF4, 0xFF, 0x06, 0x00, 0x00, 0x00, 0x00, 0x00, 0x00,
    0x00, 0xFA, 0xFF, 0x03, 0x00, 0x00, 0x00, 0x00, 0x00, 0x00, 0x50, 0xFF, 0xCF, 0x00, 0x00, 0x00,
    0x00, 0x00, 0x00, 0x00, 0xF5, 0xFF, 0x4F, 0x00, 0x00, 0x00, 0x00, 0x00, 0x00, 0x60, 0xFF, 0xFF,
    0x06, 0x00, 0x00, 0x00, 0x00, 0x00, 0x00, 0xF7, 0xFF, 0x6F, 0x00, 0x00, 0x00, 0x00, 0x00, 0x00,
    0x70, 0xFF, 0xEF, 0x04, 0x00, 0x00, 0x00, 0x00, 0x00, 0x00, 0xF4, 0xFF, 0x3E, 0x00, 0x00, 0x00,
    0x00, 0x00, 0x00, 0x00, 0xFC, 0xFF, 0x04, 0x00, 0x00, 0x00, 0x00, 0x00, 0x00, 0x30, 0xFF, 0xAF,
    0x00, 0x00, 0x00, 0x00, 0x00, 0x00, 0x00, 0x50, 0xFF, 0x5F, 0x00, 0x00, 0x00, 0x00, 0x00, 0x00,
    0x00, 0x60, 0xFF, 0x3F, 0x00, 0x00, 0x00, 0x00, 0x00, 0x00, 0x00, 0x50, 0xFF, 0x2F, 0x00, 0x00,
    0x00, 0x00, 0x00, 0x00, 0x00, 0x00, 0x43, 0x02, 0x00, 0x00, 0x00, 0x00, 0x00, 0x00, 0x00, 0x00,
    0x00, 0x00, 0x00, 0x00, 0x00, 0x00, 0x00, 0x00, 0x00, 0x20, 0x66, 0x15, 0x00, 0x00, 0x00, 0x00,
    0x00, 0x00, 0x00, 0xC0, 0xFF, 0x8F, 0x00, 0x00, 0x00, 0x00, 0x00, 0x00, 0x00, 0xD0, 0xFF, 0x9F,
    0x00, 0x00, 0x00, 0x00, 0x00, 0x00, 0x00, 0xD0, 0xFF, 0x9F, 0x00, 0x00, 0x00, 0x00, 0x00, 0x00,
    0x00, 0x90, 0xFF, 0x5F, 0x00, 0x00, 0x00, 0x00,
    // Unicode: [0x0041, A]
    0x00, 0x00, 0x00, 0x00, 0x00, 0xB1, 0xFF, 0xCF, 0x02, 0x00, 0x00, 0x00, 0x00, 0x00, 0x00, 0x00,
    0x00, 0x00, 0x00, 0xF7, 0xFF, 0xFF, 0x0A, 0x00, 0x00, 0x00, 0x00, 0x00, 0x00, 0x00, 0x00, 0x00,
    0x00, 0xFD, 0xFF, 0xFF, 0x1F, 0x00, 0x00, 0x00, 0x00, 0x00, 0x00, 0x00, 0x00, 0x00, 0x40, 0xFF,
    0xFF, 0xFF, 0x6F, 0x00, 0x00, 0x00, 0x00, 0x00, 0x00, 0x00, 0x00, 0x00, 0xA0, 0xFF, 0x7F, 0xFF,
    0xCF, 0x00, 0x00, 0x00, 0x00, 0x00, 0x00, 0x00, 0x00, 0x00, 0xE1, 0xFF, 0x0E, 0xFB, 0xFF, 0x03,
    0x00, 0x00, 0x00, 0x00, 0x00, 0x00, 0x00, 0x00, 0xF6, 0xFF, 0x08, 0xF5, 0xFF, 0x09, 0x00, 0x00,
    0x00, 0x00, 0x00, 0x00, 0x00, 0x00, 0xFC, 0xFF, 0x02, 0xE0, 0xFF, 0x1E, 0x00, 0x00, 0x00, 0x00,
    0x00, 0x00, 0x00, 0x30, 0xFF, 0xBF, 0x00, 0x90, 0xFF, 0x6F, 0x00, 0x00, 0x00, 0x00, 0x00, 0x00,
    0x00, 0x90, 0xFF, 0x5F, 0x00, 0x30, 0xFF, 0xBF, 0x00, 0x00, 0x00, 0x00, 0x00, 0x00, 0x00, 0xE0,
    0xFF, 0x1E, 0x00, 0x00, 0xFC, 0xFF, 0x02, 0x00, 0x00, 0x00, 0x00, 0x00, 0x00, 0xF5, 0xFF, 0x09,
    0x00, 0x00, 0xF6, 0xFF, 0x08, 0x00, 0x00, 0x00, 0x00, 0x00, 0x00, 0xFB, 0xFF, 0x03, 0x00, 0x00,
    0xE1, 0xFF, 0x0E, 0x00, 0x00, 0x00, 0x00, 0x00, 0x20, 0xFF, 0xCF, 0x00, 0x00, 0x00, 0x90, 0xFF,
    0x5F, 0x00, 0x00, 0x00, 0x00, 0x00, 0x80, 0xFF, 0x6F, 0x00, 0x00, 0x00, 0x40, 0xFF, 0xAF, 0x00,
    0x00, 0x00, 0x00, 0x00, 0xD0, 0xFF, 0x1E, 0x00, 0x00, 0x00, 0x00, 0xFD, 0xFF, 0x01, 0x00, 0x00,
    0x00, 0x00, 0xF4, 0xFF, 0x09, 0x00, 0x00, 0x00, 0x00, 0xF7, 0xFF, 0x07, 0x00, 0x00, 0x00, 0x00,
    0xFA, 0xFF, 0x04, 0x00, 0x00, 0x00, 0x00, 0xF1, 0xFF, 0x0D, 0x00, 0x00, 0x00, 0x10, 0xFF, 0xFF,
    0xFF, 0xFF, 0xFF, 0xFF, 0xFF, 0xFF, 0xFF, 0x4F, 0x00, 0x00, 0x00, 0x70, 0xFF, 0xFF, 0xFF, 0xFF,
    0xFF, 0xFF, 0xFF, 0xFF, 0xFF, 0x9F, 0x00, 0x00, 0x00, 0xD0, 0xFF, 0xFF, 0xFF, 0xFF, 0xFF, 0xFF,
    0xFF, 0xFF, 0xFF, 0xEF, 0x01, 0x00, 0x00, 0xF4, 0xFF, 0x8C, 0x88, 0x88, 0x88, 0x88, 0x88, 0x88,
    0xFB, 0xFF, 0x06, 0x00, 0x00, 0xF9, 0xFF, 0x04, 0x00, 0x00, 0x00, 0x00, 0x00, 0x00, 0xF2, 0xFF,
    0x0C, 0x00, 0x10, 0xFE, 0xDF, 0x00, 0x00, 0x00, 0x00, 0x00, 0x00, 0x00, 0xB0, 0xFF, 0x3F, 0x00,
    0x60, 0xFF, 0x8F, 0x00, 0x00, 0x00, 0x00, 0x00, 0x00, 0x00, 0x50, 0xFF, 0x8F, 0x00, 0xC0, 0xFF,
    0x2F, 0x00, 0x00, 0x00, 0x00, 0x00, 0x00, 0x00, 0x10, 0xFE, 0xEF, 0x00, 0xF3, 0xFF, 0x0B, 0x00,
    0x00, 0x00, 0x00, 0x00, 0x00, 0x00, 0x00, 0xF9, 0xFF, 0x05, 0xF3, 0xEF, 0x04, 0x00, 0x00, 0x00,
    0x00, 0x00, 0x00, 0x00, 0x00, 0xD2, 0xFF, 0x05,
    // Unicode: [0x0042, B]
    0xF5, 0xFF, 0xFF, 0xFF, 0xFF, 0xFF, 0xEF, 0x8C, 0x03, 0x00, 0x00, 0xF8, 0xFF, 0xFF, 0xFF, 0xFF,
    0xFF, 0xFF, 0xFF, 0xAF, 0x01, 0x00, 0xF8, 0xFF, 0xFF, 0xFF, 0xFF, 0xFF, 0xFF, 0xFF, 0xFF, 0x1C,
    0x00, 0xF8, 0xFF, 0x8A, 0x88, 0x88, 0x88, 0xB9, 0xFE, 0xFF, 0xAF, 0x00, 0xF8, 0xFF, 0x04, 0x00,
    0x00, 0x00, 0x00, 0x70, 0xFF, 0xFF, 0x03, 0xF8, 0xFF, 0x04, 0x00, 0x00, 0x00, 0x00, 0x00, 0xF6,
    0xFF, 0x09, 0xF8, 0xFF, 0x04, 0x00, 0x00, 0x00, 0x00, 0x00, 0xE0, 0xFF, 0x0D, 0xF8, 0xFF, 0x04,
    0x00, 0x00, 0x00, 0x00, 0x00, 0xC0, 0xFF, 0x0F, 0xF8, 0xFF, 0x04, 0x00, 0x00, 0x00, 0x00, 0x00,
    0xD0, 0xFF, 0x0E, 0xF8, 0xFF, 0x04, 0x00, 0x00, 0x00, 0x00, 0x00, 0xF2, 0xFF, 0x0C, 0xF8, 0xFF,
    0x04, 0x00, 0x00, 0x00, 0x00, 0x00, 0xFB, 0xFF, 0x07, 0xF8, 0xFF, 0x04, 0x00, 0x00, 0x00, 0x20,
    0xD6, 0xFF, 0xCF, 0x00, 0xF8, 0xFF, 0xFF, 0xFF, 0xFF, 0xFF, 0xFF, 0xFF, 0xFF, 0x1D, 0x00, 0xF8,
    0xFF, 0xFF, 0xFF, 0xFF, 0xFF, 0xFF, 0xFF, 0xFF, 0x02, 0x00, 0xF8, 0xFF, 0xFF, 0xFF, 0xFF, 0xFF,
    0xFF, 0xFF, 0xFF, 0x2D, 0x00, 0xF8, 0xFF, 0x8A, 0x88, 0x88, 0x88, 0xA9, 0xFD, 0xFF, 0xDF, 0x01,
    0xF8, 0xFF, 0x04, 0x00, 0x00, 0x00, 0x00, 0x30, 0xFD, 0xFF, 0x0A, 0xF8, 0xFF, 0x04, 0x00, 0x00,
    0x00, 0x00, 0x00, 0xE2, 0xFF, 0x2F, 0xF8, 0xFF, 0x04, 0x00, 0x00, 0x00, 0x00, 0x00, 0x70, 0xFF,
    0x6F, 0xF8, 0xFF, 0x04, 0x00, 0x00, 0x00, 0x00, 0x00, 0x40, 0xFF, 0x8F, 0xF8, 0xFF, 0x04, 0x00,
    0x00, 0x00, 0x00, 0x00, 0x40, 0xFF, 0x8F, 0xF8, 0xFF, 0x04, 0x00, 0x00, 0x00, 0x00, 0x00, 0x70,
    0xFF, 0x7F, 0xF8, 0xFF, 0x04, 0x00, 0x00, 0x00, 0x00, 0x00, 0xE2, 0xFF, 0x3F, 0xF8, 0xFF, 0x04,
    0x00, 0x00, 0x00, 0x00, 0x40, 0xFD, 0xFF, 0x0C, 0xF8, 0xFF, 0x8A, 0x88, 0x88, 0x88, 0xA9, 0xFD,
    0xFF, 0xEF, 0x03, 0xF8, 0xFF, 0xFF, 0xFF, 0xFF, 0xFF, 0xFF, 0xFF, 0xFF, 0x5F, 0x00, 0xF8, 0xFF,
    0xFF, 0xFF, 0xFF, 0xFF, 0xFF, 0xFF, 0xDF, 0x03, 0x00, 0xF5, 0xFF, 0xFF, 0xFF, 0xFF, 0xFF, 0xFF,
    0xAD, 0x05, 0x00, 0x00,
    // Unicode: [0x0043, C]
    0x00, 0x00, 0x00, 0x51, 0xCA, 0xFE, 0xDE, 0x8B, 0x03, 0x00, 0x00, 0x00, 0x00, 0x00, 0x70, 0xFE,
    0xFF, 0xFF, 0xFF, 0xFF, 0xCF, 0x03, 0x00, 0x00, 0x00, 0x10, 0xFC, 0xFF, 0xFF, 0xFF, 0xFF, 0xFF,
    0xFF, 0x8F, 0x00, 0x00, 0x00, 0xD1, 0xFF, 0xFF, 0xCF, 0x9A, 0xA9, 0xFD, 0xFF, 0xFF, 0x09, 0x00,
    0x00, 0xFA, 0xFF, 0x9F, 0x02, 0x00, 0x00, 0x30, 0xFC, 0xFF, 0x5F, 0x00, 0x50, 0xFF, 0xFF, 0x05,
    0x00, 0x00, 0x00, 0x00, 0xA0, 0xFF, 0xDF, 0x00, 0xB0, 0xFF, 0x7F, 0x00, 0x00, 0x00, 0x00, 0x00,
    0x10, 0xFD, 0xFF, 0x06, 0xF2, 0xFF, 0x0D, 0x00, 0x00, 0x00, 0x00, 0x00, 0x00, 0xF5, 0xFF, 0x0A,
    0xF5, 0xFF, 0x09, 0x00, 0x00, 0x00, 0x00, 0x00, 0x00, 0xE0, 0xFF, 0x0D, 0xF8, 0xFF, 0x05, 0x00,
    0x00, 0x00, 0x00, 0x00, 0x00, 0x50, 0xAA, 0x06, 0xF9, 0xFF, 0x03, 0x00, 0x00, 0x00, 0x00, 0x00,
    0x00, 0x00, 0x00, 0x00, 0xF9, 0xFF, 0x03, 0x00, 0x00, 0x00, 0x00, 0x00, 0x00, 0x00, 0x00, 0x00,
    0xFA, 0xFF, 0x02, 0x00, 0x00, 0x00, 0x00, 0x00, 0x00, 0x00, 0x00, 0x00, 0xFA, 0xFF, 0x02, 0x00,
    0x00, 0x00, 0x00, 0x00, 0x00, 0x00, 0x00, 0x00, 0xFA, 0xFF, 0x02, 0x00, 0x00, 0x00, 0x00, 0x00,
    0x00, 0x00, 0x00, 0x00, 0xFA, 0xFF, 0x02, 0x00, 0x00, 0x00, 0x00, 0x00, 0x00, 0x00, 0x00, 0x00,
    0xF9, 0xFF, 0x03, 0x00, 0x00, 0x00, 0x00, 0x00, 0x00, 0x00, 0x00, 0x00, 0xF9, 0xFF, 0x03, 0x00,
    0x00, 0x00, 0x00, 0x00, 0x00, 0x00, 0x00, 0x00, 0xF8, 0xFF, 0x05, 0x00, 0x00, 0x00, 0x00, 0x00,
    0x00, 0x50, 0xAA, 0x06, 0xF5, 0xFF, 0x09, 0x00, 0x00, 0x00, 0x00, 0x00, 0x00, 0xE0, 0xFF, 0x0D,
    0xF2, 0xFF, 0x0D, 0x00, 0x00, 0x00, 0x00, 0x00, 0x00, 0xF5, 0xFF, 0x0A, 0xB0, 0xFF, 0x7F, 0x00,
    0x00, 0x00, 0x00, 0x00, 0x00, 0xFD, 0xFF, 0x06, 0x50, 0xFF, 0xFF, 0x05, 0x00, 0x00, 0x00, 0x00,
    0xA0, 0xFF, 0xEF, 0x01, 0x00, 0xFA, 0xFF, 0x9F, 0x02, 0x00, 0x00, 0x30, 0xFC, 0xFF, 0x5F, 0x00,
    0x00, 0xD1, 0xFF, 0xFF, 0xCF, 0x9A, 0xA9, 0xFD, 0xFF, 0xFF, 0x09, 0x00, 0x00, 0x10, 0xFC, 0xFF,
    0xFF, 0xFF, 0xFF, 0xFF, 0xFF, 0x8F, 0x00, 0x00, 0x00, 0x00, 0x70, 0xFE, 0xFF, 0xFF, 0xFF, 0xFF,
    0xCF, 0x04, 0x00, 0x00, 0x00, 0x00, 0x00, 0x51, 0xCA, 0xFE, 0xDE, 0x8B, 0x03, 0x00, 0x00, 0x00,
    // Unicode: [0x0044, D]
    0xF5, 0xFF, 0xFF, 0xFF, 0xFF, 0xEF, 0xBD, 0x27, 0x00, 0x00, 0x00, 0x00, 0xF8, 0xFF, 0xFF, 0xFF,
    0xFF, 0xFF, 0xFF, 0xFF, 0x2B, 0x00, 0x00, 0x00, 0xF8, 0xFF, 0xFF, 0xFF, 0xFF, 0xFF, 0xFF, 0xFF,
    0xFF, 0x06, 0x00, 0x00, 0xF8, 0xFF, 0x8A, 0x88, 0x88, 0xA9, 0xEB, 0xFF, 0xFF, 0x7F, 0x00, 0x00,
    0xF8, 0xFF, 0x04, 0x00, 0x00, 0x00, 0x00, 0xD5, 0xFF, 0xFF, 0x04, 0x00, 0xF8, 0xFF, 0x04, 0x00,
    0x00, 0x00, 0x00, 0x10, 0xFC, 0xFF, 0x0D, 0x00, 0xF8, 0xFF, 0x04, 0x00, 0x00, 0x00, 0x00, 0x00,
    0xE1, 0xFF, 0x5F, 0x00, 0xF8, 0xFF, 0x04, 0x00, 0x00, 0x00, 0x00, 0x00, 0x70, 0xFF, 0xAF, 0x00,
    0xF8, 0xFF, 0x04, 0x00, 0x00, 0x00, 0x00, 0x00, 0x10, 0xFF, 0xEF, 0x00, 0xF8, 0xFF, 0x04, 0x00,
    0x00, 0x00, 0x00, 0x00, 0x00, 0xFC, 0xFF, 0x01, 0xF8, 0xFF, 0x04, 0x00, 0x00, 0x00, 0x00, 0x00,
    0x00, 0xFA, 0xFF, 0x02, 0xF8, 0xFF, 0x04, 0x00, 0x00, 0x00, 0x00, 0x00, 0x00, 0xF9, 0xFF, 0x03,
    0xF8, 0xFF, 0x04, 0x00, 0x00, 0x00, 0x00, 0x00, 0x00, 0xF9, 0xFF, 0x03, 0xF8, 0xFF, 0x04, 0x00,
    0x00, 0x00, 0x00, 0x00, 0x00, 0xF9, 0xFF, 0x03, 0xF8, 0xFF, 0x04, 0x00, 0x00, 0x00, 0x00, 0x00,
    0x00, 0xF9, 0xFF, 0x03, 0xF8, 0xFF, 0x04, 0x00, 0x00, 0x00, 0x00, 0x00, 0x00, 0xF9, 0xFF, 0x03,
    0xF8, 0xFF, 0x04, 0x00, 0x00, 0x00, 0x00, 0x00, 0x00, 0xF9, 0xFF, 0x03, 0xF8, 0xFF, 0x04, 0x00,
    0x00, 0x00, 0x00, 0x00, 0x00, 0xFA, 0xFF, 0x02, 0xF8, 0xFF, 0x04, 0x00, 0x00, 0x00, 0x00, 0x00,
    0x00, 0xFC, 0xFF, 0x01, 0xF8, 0xFF, 0x04, 0x00, 0x00, 0x00, 0x00, 0x00, 0x10, 0xFF, 0xEF, 0x00,
    0xF8, 0xFF, 0x04, 0x00, 0x00, 0x00, 0x00, 0x00, 0x60, 0xFF, 0xAF, 0x00, 0xF8, 0xFF, 0x04, 0x00,
    0x00, 0x00, 0x00, 0x00, 0xD1, 0xFF, 0x5F, 0x00, 0xF8, 0xFF, 0x04, 0x00, 0x00, 0x00, 0x00, 0x00,
    0xFA, 0xFF, 0x0D, 0x00, 0xF8, 0xFF, 0x04, 0x00, 0x00, 0x00, 0x00, 0xC4, 0xFF, 0xFF, 0x04, 0x00,
    0xF8, 0xFF, 0x8A, 0x88, 0x88, 0x98, 0xEB, 0xFF, 0xFF, 0x8F, 0x00, 0x00, 0xF8, 0xFF, 0xFF, 0xFF,
    0xFF, 0xFF, 0xFF, 0xFF, 0xFF, 0x07, 0x00, 0x00, 0xF8, 0xFF, 0xFF, 0xFF, 0xFF, 0xFF, 0xFF, 0xFF,
    0x3C, 0x00, 0x00, 0x00, 0xF5, 0xFF, 0xFF, 0xFF, 0xFF, 0xFF, 0xBE, 0x38, 0x00, 0x00, 0x00, 0x00,
    // Unicode: [0x0045, E]
    0xF5, 0xFF, 0xFF, 0xFF, 0xFF, 0xFF, 0xFF, 0xFF, 0xEF, 0x03, 0xF8, 0xFF, 0xFF, 0xFF, 0xFF, 0xFF,
    0xFF, 0xFF, 0xFF, 0x07, 0xF8, 0xFF, 0xFF, 0xFF, 0xFF, 0xFF, 0xFF, 0xFF, 0xFF, 0x06, 0xF8, 0xFF,
    0x8A, 0x88, 0x88, 0x88, 0x88, 0x88, 0x88, 0x01, 0xF8, 0xFF, 0x03, 0x00, 0x00, 0x00, 0x00, 0x00,
    0x00, 0x00, 0xF8, 0xFF, 0x03, 0x00, 0x00, 0x00, 0x00, 0x00, 0x00, 0x00, 0xF8, 0xFF, 0x03, 0x00,
    0x00, 0x00, 0x00, 0x00, 0x00, 0x00, 0xF8, 0xFF, 0x03, 0x00, 0x00, 0x00, 0x00, 0x00, 0x00, 0x00,
    0xF8, 0xFF, 0x03, 0x00, 0x00, 0x00, 0x00, 0x00, 0x00, 0x00, 0xF8, 0xFF, 0x03, 0x00, 0x00, 0x00,
    0x00, 0x00, 0x00, 0x00, 0xF8, 0xFF, 0x03, 0x00, 0x00, 0x00, 0x00, 0x00, 0x00, 0x00, 0xF8, 0xFF,
    0x03, 0x00, 0x00, 0x00, 0x00, 0x00, 0x00, 0x00, 0xF8, 0xFF, 0xFF, 0xFF, 0xFF, 0xFF, 0xFF, 0xFF,
    0x5F, 0x00, 0xF8, 0xFF, 0xFF, 0xFF, 0xFF, 0xFF, 0xFF, 0xFF, 0x8F, 0x00, 0xF8, 0xFF, 0xFF, 0xFF,
    0xFF, 0xFF, 0xFF, 0xFF, 0x8F, 0x00, 0xF8, 0xFF, 0x9A, 0x99, 0x99, 0x99, 0x99, 0x99, 0x28, 0x00,
    0xF8, 0xFF, 0x03, 0x00, 0x00, 0x00, 0x00, 0x00, 0x00, 0x00, 0xF8, 0xFF, 0x03, 0x00, 0x00, 0x00,
    0x00, 0x00, 0x00, 0x00, 0xF8, 0xFF, 0x03, 0x00, 0x00, 0x00, 0x00, 0x00, 0x00, 0x00, 0xF8, 0xFF,
    0x03, 0x00, 0x00, 0x00, 0x00, 0x00, 0x00, 0x00, 0xF8, 0xFF, 0x03, 0x00, 0x00, 0x00, 0x00, 0x00,
    0x00, 0x00, 0xF8, 0xFF, 0x03, 0x00, 0x00, 0x00, 0x00, 0x00, 0x00, 0x00, 0xF8, 0xFF, 0x03, 0x00,
    0x00, 0x00, 0x00, 0x00, 0x00, 0x00, 0xF8, 0xFF, 0x03, 0x00, 0x00, 0x00, 0x00, 0x00, 0x00, 0x00,
    0xF8, 0xFF, 0x8A, 0x88, 0x88, 0x88, 0x88, 0x88, 0x88, 0x03, 0xF8, 0xFF, 0xFF, 0xFF, 0xFF, 0xFF,
    0xFF, 0xFF, 0xFF, 0x0B, 0xF8, 0xFF, 0xFF, 0xFF, 0xFF, 0xFF, 0xFF, 0xFF, 0xFF, 0x0B, 0xF5, 0xFF,
    0xFF, 0xFF, 0xFF, 0xFF, 0xFF, 0xFF, 0xFF, 0x08,
    // Unicode: [0x0046, F]
    0xF5, 0xFF, 0xFF, 0xFF, 0xFF, 0xFF, 0xFF, 0xFF, 0xEF, 0x04, 0xF8, 0xFF, 0xFF, 0xFF, 0xFF, 0xFF,
    0xFF, 0xFF, 0xFF, 0x07, 0xF8, 0xFF, 0xFF, 0xFF, 0xFF, 0xFF, 0xFF, 0xFF, 0xFF, 0x07, 0xF8, 0xFF,
    0x8A, 0x88, 0x88, 0x88, 0x88, 0x88, 0x88, 0x01, 0xF8, 0xFF, 0x04, 0x00, 0x00, 0x00, 0x00, 0x00,
    0x00, 0x00, 0xF8, 0xFF, 0x04, 0x00, 0x00, 0x00, 0x00, 0x00, 0x00, 0x00, 0xF8, 0xFF, 0x04, 0x00,
    0x00, 0x00, 0x00, 0x00, 0x00, 0x00, 0xF8, 0xFF, 0x04, 0x00, 0x00, 0x00, 0x00, 0x00, 0x00, 0x00,
    0xF8, 0xFF, 0x04, 0x00, 0x00, 0x00, 0x00, 0x00, 0x00, 0x00, 0xF8, 0xFF, 0x04, 0x00, 0x00, 0x00,
    0x00, 0x00, 0x00, 0x00, 0xF8, 0xFF, 0x04, 0x00, 0x00, 0x00, 0x00, 0x00, 0x00, 0x00, 0xF8, 0xFF,
    0x04, 0x00, 0x00, 0x00, 0x00, 0x00, 0x00, 0x00, 0xF8, 0xFF, 0x04, 0x00, 0x00, 0x00, 0x00, 0x00,
    0x00, 0x00, 0xF8, 0xFF, 0xFF, 0xFF, 0xFF, 0xFF, 0xFF, 0xFF, 0x6F, 0x00, 0xF8, 0xFF, 0xFF, 0xFF,
    0xFF, 0xFF, 0xFF, 0xFF, 0xAF, 0x00, 0xF8, 0xFF, 0xFF, 0xFF, 0xFF, 0xFF, 0xFF, 0xFF, 0xAF, 0x00,
    0xF8, 0xFF, 0x8A, 0x88, 0x88, 0x88, 0x88, 0x88, 0x28, 0x00, 0xF8, 0xFF, 0x04, 0x00, 0x00, 0x00,
    0x00, 0x00, 0x00, 0x00, 0xF8, 0xFF, 0x04, 0x00, 0x00, 0x00, 0x00, 0x00, 0x00, 0x00, 0xF8, 0xFF,
    0x04, 0x00, 0x00, 0x00, 0x00, 0x00, 0x00, 0x00, 0xF8, 0xFF, 0x04, 0x00, 0x00, 0x00, 0x00, 0x00,
    0x00, 0x00, 0xF8, 0xFF, 0x04, 0x00, 0x00, 0x00, 0x00, 0x00, 0x00, 0x00, 0xF8, 0xFF, 0x04, 0x00,
    0x00, 0x00, 0x00, 0x00, 0x00, 0x00, 0xF8, 0xFF, 0x04, 0x00, 0x00, 0x00, 0x00, 0x00, 0x00, 0x00,
    0xF8, 0xFF, 0x04, 0x00, 0x00, 0x00, 0x00, 0x00, 0x00, 0x00, 0xF8, 0xFF, 0x04, 0x00, 0x00, 0x00,
    0x00, 0x00, 0x00, 0x00, 0xF8, 0xFF, 0x03, 0x00, 0x00, 0x00, 0x00, 0x00, 0x00, 0x00, 0xF5, 0xDF,
    0x01, 0x00, 0x00, 0x00, 0x00, 0x00, 0x00, 0x00,
    // Unicode: [0x0047, G]
    0x00, 0x00, 0x00, 0x61, 0xCA, 0xFE, 0xEF, 0x8C, 0x04, 0x00, 0x00, 0x00, 0x00, 0x00, 0x81, 0xFE,
    0xFF, 0xFF, 0xFF, 0xFF, 0xDF, 0x05, 0x00, 0x00, 0x00, 0x20, 0xFD, 0xFF, 0xFF, 0xFF, 0xFF, 0xFF,
    0xFF, 0xAF, 0x01, 0x00, 0x00, 0xE2, 0xFF, 0xFF, 0xDF, 0x9A, 0xA9, 0xFD, 0xFF, 0xFF, 0x1C, 0x00,
    0x00, 0xFC, 0xFF, 0xAF, 0x02, 0x00, 0x00, 0x30, 0xFB, 0xFF, 0xAF, 0x00, 0x60, 0xFF, 0xFF, 0x05,
    0x00, 0x00, 0x00, 0x00, 0x90, 0xFF, 0xFF, 0x04, 0xC0, 0xFF, 0x7F, 0x00, 0x00, 0x00, 0x00, 0x00,
    0x00, 0xFB, 0xFF, 0x0A, 0xF2, 0xFF, 0x0D, 0x00, 0x00, 0x00, 0x00, 0x00, 0x00, 0xE1, 0xFF, 0x0C,
    0xF6, 0xFF, 0x08, 0x00, 0x00, 0x00, 0x00, 0x00, 0x00, 0x20, 0x55, 0x02, 0xF8, 0xFF, 0x05, 0x00,
    0x00, 0x00, 0x00, 0x00, 0x00, 0x00, 0x00, 0x00, 0xF9, 0xFF, 0x03, 0x00, 0x00, 0x00, 0x00, 0x00,
    0x00, 0x00, 0x00, 0x00, 0xF9, 0xFF, 0x03, 0x00, 0x00, 0x00, 0x00, 0x00, 0x00, 0x00, 0x00, 0x00,
    0xFA, 0xFF, 0x02, 0x00, 0x00, 0x00, 0x70, 0x88, 0x88, 0x88, 0x88, 0x07, 0xFA, 0xFF, 0x02, 0x00,
    0x00, 0x00, 0xF5, 0xFF, 0xFF, 0xFF, 0xFF, 0x4F, 0xFA, 0xFF, 0x02, 0x00, 0x00, 0x00, 0xF5, 0xFF,
    0xFF, 0xFF, 0xFF, 0x4F, 0xFA, 0xFF, 0x02, 0x00, 0x00, 0x00, 0xE2, 0xFF, 0xFF, 0xFF, 0xFF, 0x4F,
    0xF9, 0xFF, 0x03, 0x00, 0x00, 0x00, 0x00, 0x00, 0x00, 0x80, 0xFF, 0x4F, 0xF9, 0xFF, 0x04, 0x00,
    0x00, 0x00, 0x00, 0x00, 0x00, 0x80, 0xFF, 0x4F, 0xF7, 0xFF, 0x05, 0x00, 0x00, 0x00, 0x00, 0x00,
    0x00, 0x90, 0xFF, 0x3F, 0xF5, 0xFF, 0x09, 0x00, 0x00, 0x00, 0x00, 0x00, 0x00, 0xC0, 0xFF, 0x1F,
    0xF1, 0xFF, 0x0D, 0x00, 0x00, 0x00, 0x00, 0x00, 0x00, 0xF2, 0xFF, 0x0D, 0xC0, 0xFF, 0x7F, 0x00,
    0x00, 0x00, 0x00, 0x00, 0x00, 0xFA, 0xFF, 0x08, 0x50, 0xFF, 0xFF, 0x05, 0x00, 0x00, 0x00, 0x00,
    0x70, 0xFF, 0xFF, 0x01, 0x00, 0xFB, 0xFF, 0x9F, 0x02, 0x00, 0x00, 0x30, 0xFB, 0xFF, 0x7F, 0x00,
    0x00, 0xD1, 0xFF, 0xFF, 0xDF, 0x9A, 0xA9, 0xFE, 0xFF, 0xFF, 0x0A, 0x00, 0x00, 0x20, 0xFD, 0xFF,
    0xFF, 0xFF, 0xFF, 0xFF, 0xFF, 0x9F, 0x00, 0x00, 0x00, 0x00, 0x81, 0xFE, 0xFF, 0xFF, 0xFF, 0xFF,
    0xDF, 0x05, 0x00, 0x00, 0x00, 0x00, 0x00, 0x61, 0xCA, 0xFE, 0xEF, 0x8C, 0x04, 0x00, 0x00, 0x00,
    // Unicode: [0x0048, H]
    0xF5, 0xDF, 0x01, 0x00, 0x00, 0x00, 0x00, 0x00, 0x00, 0xF6, 0xCF, 0x00, 0xF8, 0xFF, 0x03, 0x00,
    0x00, 0x00, 0x00, 0x00, 0x00, 0xFA, 0xFF, 0x02, 0xF8, 0xFF, 0x04, 0x00, 0x00, 0x00, 0x00, 0x00,
    0x00, 0xFA, 0xFF, 0x02, 0xF8, 0xFF, 0x04, 0x00, 0x00, 0x00, 0x00, 0x00, 0x00, 0xFA, 0xFF, 0x02,
    0xF8, 0xFF, 0x04, 0x00, 0x00, 0x00, 0x00, 0x00, 0x00, 0xFA, 0xFF, 0x02, 0xF8, 0xFF, 0x04, 0x00,
    0x00, 0x00, 0x00, 0x00, 0x00, 0xFA, 0xFF, 0x02, 0xF8, 0xFF, 0x04, 0x00, 0x00, 0x00, 0x00, 0x00,
    0x00, 0xFA, 0xFF, 0x02, 0xF8, 0xFF, 0x04, 0x00, 0x00, 0x00, 0x00, 0x00, 0x00, 0xFA, 0xFF, 0x02,
    0xF8, 0xFF, 0x04, 0x00, 0x00, 0x00, 0x00, 0x00, 0x00, 0xFA, 0xFF, 0x02, 0xF8, 0xFF, 0x04, 0x00,
    0x00, 0x00, 0x00, 0x00, 0x00, 0xFA, 0xFF, 0x02, 0xF8, 0xFF, 0x04, 0x00, 0x00, 0x00, 0x00, 0x00,
    0x00, 0xFA, 0xFF, 0x02, 0xF8, 0xFF, 0x04, 0x00, 0x00, 0x00, 0x00, 0x00, 0x00, 0xFA, 0xFF, 0x02,
    0xF8, 0xFF, 0xFF, 0xFF, 0xFF, 0xFF, 0xFF, 0xFF, 0xFF, 0xFF, 0xFF, 0x02, 0xF8, 0xFF, 0xFF, 0xFF,
    0xFF, 0xFF, 0xFF, 0xFF, 0xFF, 0xFF, 0xFF, 0x02, 0xF8, 0xFF, 0xFF, 0xFF, 0xFF, 0xFF, 0xFF, 0xFF,
    0xFF, 0xFF, 0xFF, 0x02, 0xF8, 0xFF, 0x9A, 0x99, 0x99, 0x99, 0x99, 0x99, 0x99, 0xFD, 0xFF, 0x02,
    0xF8, 0xFF, 0x04, 0x00, 0x00, 0x00, 0x00, 0x00, 0x00, 0xFA, 0xFF, 0x02, 0xF8, 0xFF, 0x04, 0x00,
    0x00, 0x00, 0x00, 0x00, 0x00, 0xFA, 0xFF, 0x02, 0xF8, 0xFF, 0x04, 0x00, 0x00, 0x00, 0x00, 0x00,
    0x00, 0xFA, 0xFF, 0x02, 0xF8, 0xFF, 0x04, 0x00, 0x00, 0x00, 0x00, 0x00, 0x00, 0xFA, 0xFF, 0x02,
    0xF8, 0xFF, 0x04, 0x00, 0x00, 0x00, 0x00, 0x00, 0x00, 0xFA, 0xFF, 0x02, 0xF8, 0xFF, 0x04, 0x00,
    0x00, 0x00, 0x00, 0x00, 0x00, 0xFA, 0xFF, 0x02, 0xF8, 0xFF, 0x04, 0x00, 0x00, 0x00, 0x00, 0x00,
    0x00, 0xFA, 0xFF, 0x02, 0xF8, 0xFF, 0x04, 0x00, 0x00, 0x00, 0x00, 0x00, 0x00, 0xFA, 0xFF, 0x02,
    0xF8, 0xFF, 0x04, 0x00, 0x00, 0x00, 0x00, 0x00, 0x00, 0xFA, 0xFF, 0x02, 0xF8, 0xFF, 0x04, 0x00,
    0x00, 0x00, 0x00, 0x00, 0x00, 0xFA, 0xFF, 0x02, 0xF8, 0xFF, 0x03, 0x00, 0x00, 0x00, 0x00, 0x00,
    0x00, 0xFA, 0xFF, 0x02, 0xF5, 0xDF, 0x01, 0x00, 0x00, 0x00, 0x00, 0x00, 0x00, 0xF6, 0xCF, 0x00,
    // Unicode: [0x0049, I]
    0xF5, 0xDF, 0x01, 0xF8, 0xFF, 0x03, 0xF8, 0xFF, 0x04, 0xF8, 0xFF, 0x04, 0xF8, 0xFF, 0x04, 0xF8,
    0xFF, 0x04, 0xF8, 0xFF, 0x04, 0xF8, 0xFF, 0x04, 0xF8, 0xFF, 0x04, 0xF8, 0xFF, 0x04, 0xF8, 0xFF,
    0x04, 0xF8, 0xFF, 0x04, 0xF8, 0xFF, 0x04, 0xF8, 0xFF, 0x04, 0xF8, 0xFF, 0x04, 0xF8, 0xFF, 0x04,
    0xF8, 0xFF, 0x04, 0xF8, 0xFF, 0x04, 0xF8, 0xFF, 0x04, 0xF8, 0xFF, 0x04, 0xF8, 0xFF, 0x04, 0xF8,
    0xFF, 0x04, 0xF8, 0xFF, 0x04, 0xF8, 0xFF, 0x04, 0xF8, 0xFF, 0x04, 0xF8, 0xFF, 0x04, 0xF8, 0xFF,
    0x03, 0xF5, 0xDF, 0x01,
    // Unicode: [0x004A, J]
    0x00, 0xF7, 0xFF, 0xFF, 0xFF, 0xFF, 0xFF, 0xFF, 0xFF, 0xFF, 0x0A, 0x00, 0xFB, 0xFF, 0xFF, 0xFF,
    0xFF, 0xFF, 0xFF, 0xFF, 0xFF, 0x0E, 0x00, 0xFA, 0xFF, 0xFF, 0xFF, 0xFF, 0xFF, 0xFF, 0xFF, 0xFF,
    0x0E, 0x00, 0x83, 0x88, 0x88, 0x88, 0x88, 0x88, 0x88, 0xE8, 0xFF, 0x0E, 0x00, 0x00, 0x00, 0x00,
    0x00, 0x00, 0x00, 0x00, 0xD0, 0xFF, 0x0E, 0x00, 0x00, 0x00, 0x00, 0x00, 0x00, 0x00, 0x00, 0xD0,
    0xFF, 0x0E, 0x00, 0x00, 0x00, 0x00, 0x00, 0x00, 0x00, 0x00, 0xD0, 0xFF, 0x0E, 0x00, 0x00, 0x00,
    0x00, 0x00, 0x00, 0x00, 0x00, 0xD0, 0xFF, 0x0E, 0x00, 0x00, 0x00, 0x00, 0x00, 0x00, 0x00, 0x00,
    0xD0, 0xFF, 0x0E, 0x00, 0x00, 0x00, 0x00, 0x00, 0x00, 0x00, 0x00, 0xD0, 0xFF, 0x0E, 0x00, 0x00,
    0x00, 0x00, 0x00, 0x00, 0x00, 0x00, 0xD0, 0xFF, 0x0E, 0x00, 0x00, 0x00, 0x00, 0x00, 0x00, 0x00,
    0x00, 0xD0, 0xFF, 0x0E, 0x00, 0x00, 0x00, 0x00, 0x00, 0x00, 0x00, 0x00, 0xD0, 0xFF, 0x0E, 0x00,
    0x00, 0x00, 0x00, 0x00, 0x00, 0x00, 0x00, 0xD0, 0xFF, 0x0E, 0x00, 0x00, 0x00, 0x00, 0x00, 0x00,
    0x00, 0x00, 0xD0, 0xFF, 0x0E, 0x00, 0x00, 0x00, 0x00, 0x00, 0x00, 0x00, 0x00, 0xD0, 0xFF, 0x0E,
    0x00, 0x00, 0x00, 0x00, 0x00, 0x00, 0x00, 0x00, 0xD0, 0xFF, 0x0E, 0x00, 0x00, 0x00, 0x00, 0x00,
    0x00, 0x00, 0x00, 0xD0, 0xFF, 0x0E, 0x62, 0x46, 0x00, 0x00, 0x00, 0x00, 0x00, 0x00, 0xE0, 0xFF,
    0x0E, 0xF9, 0xFF, 0x02, 0x00, 0x00, 0x00, 0x00, 0x00, 0xF1, 0xFF, 0x0D, 0xF8, 0xFF, 0x07, 0x00,
    0x00, 0x00, 0x00, 0x00, 0xF4, 0xFF, 0x0A, 0xF5, 0xFF, 0x1D, 0x00, 0x00, 0x00, 0x00, 0x00, 0xFA,
    0xFF, 0x06, 0xE0, 0xFF, 0x9F, 0x00, 0x00, 0x00, 0x00, 0x50, 0xFF, 0xFF, 0x02, 0x60, 0xFF, 0xFF,
    0x2B, 0x00, 0x00, 0x10, 0xF7, 0xFF, 0x9F, 0x00, 0x00, 0xFB, 0xFF, 0xFF, 0xAC, 0x99, 0xEB, 0xFF,
    0xFF, 0x1C, 0x00, 0x00, 0xA0, 0xFF, 0xFF, 0xFF, 0xFF, 0xFF, 0xFF, 0xDF, 0x02, 0x00, 0x00, 0x00,
    0xE6, 0xFF, 0xFF, 0xFF, 0xFF, 0xFF, 0x19, 0x00, 0x00, 0x00, 0x00, 0x00, 0xA5, 0xEC, 0xEF, 0xBD,
    0x27, 0x00, 0x00, 0x00,
    // Unicode: [0x004B, K]
    0xF5, 0xDF, 0x01, 0x00, 0x00, 0x00, 0x00, 0xB2, 0xFF, 0x6F, 0x00, 0xF8, 0xFF, 0x03, 0x00, 0x00,
    0x00, 0x30, 0xFD, 0xFF, 0x3E, 0x00, 0xF8, 0xFF, 0x04, 0x00, 0x00, 0x00, 0xE3, 0xFF, 0xEF, 0x04,
    0x00, 0xF8, 0xFF, 0x04, 0x00, 0x00, 0x40, 0xFE, 0xFF, 0x3E, 0x00, 0x00, 0xF8, 0xFF, 0x04, 0x00,
    0x00, 0xF5, 0xFF, 0xDF, 0x02, 0x00, 0x00, 0xF8, 0xFF, 0x04, 0x00, 0x60, 0xFF, 0xFF, 0x1C, 0x00,
    0x00, 0x00, 0xF8, 0xFF, 0x04, 0x00, 0xF8, 0xFF, 0xBF, 0x01, 0x00, 0x00, 0x00, 0xF8, 0xFF, 0x04,
    0x90, 0xFF, 0xFF, 0x1A, 0x00, 0x00, 0x00, 0x00, 0xF8, 0xFF, 0x04, 0xFA, 0xFF, 0x9F, 0x00, 0x00,
    0x00, 0x00, 0x00, 0xF8, 0xFF, 0xB4, 0xFF, 0xFF, 0x08, 0x00, 0x00, 0x00, 0x00, 0x00, 0xF8, 0xFF,
    0xFE, 0xFF, 0x7F, 0x00, 0x00, 0x00, 0x00, 0x00, 0x00, 0xF8, 0xFF, 0xFF, 0xFF, 0x06, 0x00, 0x00,
    0x00, 0x00, 0x00, 0x00, 0xF8, 0xFF, 0xFF, 0x5F, 0x00, 0x00, 0x00, 0x00, 0x00, 0x00, 0x00, 0xF8,
    0xFF, 0xFF, 0x09, 0x00, 0x00, 0x00, 0x00, 0x00, 0x00, 0x00, 0xF8, 0xFF, 0xFF, 0x7F, 0x00, 0x00,
    0x00, 0x00, 0x00, 0x00, 0x00, 0xF8, 0xFF, 0xFF, 0xFF, 0x08, 0x00, 0x00, 0x00, 0x00, 0x00, 0x00,
    0xF8, 0xFF, 0xFE, 0xFF, 0x8F, 0x00, 0x00, 0x00, 0x00, 0x00, 0x00, 0xF8, 0xFF, 0xB4, 0xFF, 0xFF,
    0x09, 0x00, 0x00, 0x00, 0x00, 0x00, 0xF8, 0xFF, 0x14, 0xFB, 0xFF, 0xAF, 0x00, 0x00, 0x00, 0x00,
    0x00, 0xF8, 0xFF, 0x04, 0xA0, 0xFF, 0xFF, 0x0A, 0x00, 0x00, 0x00, 0x00, 0xF8, 0xFF, 0x04, 0x00,
    0xFA, 0xFF, 0xBF, 0x01, 0x00, 0x00, 0x00, 0xF8, 0xFF, 0x04, 0x00, 0x90, 0xFF, 0xFF, 0x1B, 0x00,
    0x00, 0x00, 0xF8, 0xFF, 0x04, 0x00, 0x00, 0xF9, 0xFF, 0xCF, 0x01, 0x00, 0x00, 0xF8, 0xFF, 0x04,
    0x00, 0x00, 0x80, 0xFF, 0xFF, 0x1C, 0x00, 0x00, 0xF8, 0xFF, 0x04, 0x00, 0x00, 0x00, 0xF7, 0xFF,
    0xDF, 0x02, 0x00, 0xF8, 0xFF, 0x04, 0x00, 0x00, 0x00, 0x70, 0xFF, 0xFF, 0x2D, 0x00, 0xF8, 0xFF,
    0x03, 0x00, 0x00, 0x00, 0x00, 0xF6, 0xFF, 0xDF, 0x02, 0xF5, 0xDF, 0x01, 0x00, 0x00, 0x00, 0x00,
    0x50, 0xFD, 0xEF, 0x03,
    // Unicode: [0x004C, L]
    0xF5, 0xDF, 0x01, 0x00, 0x00, 0x00, 0x00, 0x00, 0x00, 0x00, 0xF8, 0xFF, 0x03, 0x00, 0x00, 0x00,
    0x00, 0x00, 0x00, 0x00, 0xF8, 0xFF, 0x04, 0x00, 0x00, 0x00, 0x00, 0x00, 0x00, 0x00, 0xF8, 0xFF,
    0x04, 0x00, 0x00, 0x00, 0x00, 0x00, 0x00, 0x00, 0xF8, 0xFF, 0x04, 0x00, 0x00, 0x00, 0x00, 0x00,
    0x00, 0x00, 0xF8, 0xFF, 0x04, 0x00, 0x00, 0x00, 0x00, 0x00, 0x00, 0x00, 0xF8, 0xFF, 0x04, 0x00,
    0x00, 0x00, 0x00, 0x00, 0x00, 0x00, 0xF8, 0xFF, 0x04, 0x00, 0x00, 0x00, 0x00, 0x00, 0x00, 0x00,
    0xF8, 0xFF, 0x04, 0x00, 0x00, 0x00, 0x00, 0x00, 0x00, 0x00, 0xF8, 0xFF, 0x04, 0x00, 0x00, 0x00,
    0x00, 0x00, 0x00, 0x00, 0xF8, 0xFF, 0x04, 0x00, 0x00, 0x00, 0x00, 0x00, 0x00, 0x00, 0xF8, 0xFF,
    0x04, 0x00, 0x00, 0x00, 0x00, 0x00, 0x00, 0x00, 0xF8, 0xFF, 0x04, 0x00, 0x00, 0x00, 0x00, 0x00,
    0x00, 0x00, 0xF8, 0xFF, 0x04, 0x00, 0x00, 0x00, 0x00, 0x00, 0x00, 0x00, 0xF8, 0xFF, 0x04, 0x00,
    0x00, 0x00, 0x00, 0x00, 0x00, 0x00, 0xF8, 0xFF, 0x04, 0x00, 0x00, 0x00, 0x00, 0x00, 0x00, 0x00,
    0xF8, 0xFF, 0x04, 0x00, 0x00, 0x00, 0x00, 0x00, 0x00, 0x00, 0xF8, 0xFF, 0x04, 0x00, 0x00, 0x00,
    0x00, 0x00, 0x00, 0x00, 0xF8, 0xFF, 0x04, 0x00, 0x00, 0x00, 0x00, 0x00, 0x00, 0x00, 0xF8, 0xFF,
    0x04, 0x00, 0x00, 0x00, 0x00, 0x00, 0x00, 0x00, 0xF8, 0xFF, 0x04, 0x00, 0x00, 0x00, 0x00, 0x00,
    0x00, 0x00, 0xF8, 0xFF, 0x04, 0x00, 0x00, 0x00, 0x00, 0x00, 0x00, 0x00, 0xF8, 0xFF, 0x04, 0x00,
    0x00, 0x00, 0x00, 0x00, 0x00, 0x00, 0xF8, 0xFF, 0x04, 0x00, 0x00, 0x00, 0x00, 0x00, 0x00, 0x00,
    0xF8, 0xFF, 0x8A, 0x88, 0x88, 0x88, 0x88, 0x88, 0x88, 0x04, 0xF8, 0xFF, 0xFF, 0xFF, 0xFF, 0xFF,
    0xFF, 0xFF, 0xFF, 0x0D, 0xF8, 0xFF, 0xFF, 0xFF, 0xFF, 0xFF, 0xFF, 0xFF, 0xFF, 0x0D, 0xF5, 0xFF,
    0xFF, 0xFF, 0xFF, 0xFF, 0xFF, 0xFF, 0xFF, 0x09,
    // Unicode: [0x004D, M]
    0xF5, 0xDF, 0x04, 0x00, 0x00, 0x00, 0x00, 0x00, 0x00, 0x00, 0x70, 0xFE, 0x2E, 0xF8, 0xFF, 0x0D,
    0x00, 0x00, 0x00, 0x00, 0x00, 0x00, 0x00, 0xF3, 0xFF, 0x5F, 0xF8, 0xFF, 0x6F, 0x00, 0x00, 0x00,
    0x00, 0x00, 0x00, 0x00, 0xFA, 0xFF, 0x5F, 0xF8, 0xFF, 0xEF, 0x01, 0x00, 0x00, 0x00, 0x00, 0x00,
    0x30, 0xFF, 0xFF, 0x5F, 0xF8, 0xFF, 0xFF, 0x07, 0x00, 0x00, 0x00, 0x00, 0x00, 0xB0, 0xFF, 0xFF,
    0x5F, 0xF8, 0xFF, 0xFF, 0x1E, 0x00, 0x00, 0x00, 0x00, 0x00, 0xF3, 0xFF, 0xFF, 0x5F, 0xF8, 0xFF,
    0xFF, 0x7F, 0x00, 0x00, 0x00, 0x00, 0x00, 0xFB, 0xFF, 0xFF, 0x5F, 0xF8, 0xFF, 0xFF, 0xEF, 0x01,
    0x00, 0x00, 0x00, 0x40, 0xFF, 0xFF, 0xFF, 0x5F, 0xF8, 0xFF, 0xFB, 0xFF, 0x08, 0x00, 0x00, 0x00,
    0xC0, 0xFF, 0xBF, 0xFF, 0x5F, 0xF8, 0xFF, 0xE4, 0xFF, 0x1E, 0x00, 0x00, 0x00, 0xF4, 0xFF, 0x7B,
    0xFF, 0x5F, 0xF8, 0xFF, 0x74, 0xFF, 0x8F, 0x00, 0x00, 0x00, 0xFC, 0xFF, 0x73, 0xFF, 0x5F, 0xF8,
    0xFF, 0x04, 0xFD, 0xFF, 0x02, 0x00, 0x50, 0xFF, 0xAF, 0x70, 0xFF, 0x5F, 0xF8, 0xFF, 0x04, 0xF6,
    0xFF, 0x09, 0x00, 0xD0, 0xFF, 0x3F, 0x70, 0xFF, 0x5F, 0xF8, 0xFF, 0x04, 0xD0, 0xFF, 0x2F, 0x00,
    0xF5, 0xFF, 0x0A, 0x70, 0xFF, 0x5F, 0xF8, 0xFF, 0x04, 0x60, 0xFF, 0x9F, 0x00, 0xFD, 0xFF, 0x02,
    0x70, 0xFF, 0x5F, 0xF8, 0xFF, 0x04, 0x00, 0xFD, 0xFF, 0x62, 0xFF, 0x9F, 0x00, 0x70, 0xFF, 0x5F,
    0xF8, 0xFF, 0x04, 0x00, 0xF5, 0xFF, 0xDA, 0xFF, 0x2F, 0x00, 0x70, 0xFF, 0x5F, 0xF8, 0xFF, 0x04,
    0x00, 0xC0, 0xFF, 0xFF, 0xFF, 0x09, 0x00, 0x70, 0xFF, 0x5F, 0xF8, 0xFF, 0x04, 0x00, 0x40, 0xFF,
    0xFF, 0xEF, 0x01, 0x00, 0x70, 0xFF, 0x5F, 0xF8, 0xFF, 0x04, 0x00, 0x00, 0xFC, 0xFF, 0x8F, 0x00,
    0x00, 0x70, 0xFF, 0x5F, 0xF8, 0xFF, 0x04, 0x00, 0x00, 0xF3, 0xFF, 0x1D, 0x00, 0x00, 0x70, 0xFF,
    0x5F, 0xF8, 0xFF, 0x04, 0x00, 0x00, 0x20, 0x44, 0x01, 0x00, 0x00, 0x70, 0xFF, 0x5F, 0xF8, 0xFF,
    0x04, 0x00, 0x00, 0x00, 0x00, 0x00, 0x00, 0x00, 0x70, 0xFF, 0x5F, 0xF8, 0xFF, 0x04, 0x00, 0x00,
    0x00, 0x00, 0x00, 0x00, 0x00, 0x70, 0xFF, 0x5F, 0xF8, 0xFF, 0x04, 0x00, 0x00, 0x00, 0x00, 0x00,
    0x00, 0x00, 0x70, 0xFF, 0x5F, 0xF8, 0xFF, 0x04, 0x00, 0x00, 0x00, 0x00, 0x00, 0x00, 0x00, 0x70,
    0xFF, 0x5F, 0xF8, 0xFF, 0x03, 0x00, 0x00, 0x00, 0x00, 0x00, 0x00, 0x00, 0x70, 0xFF, 0x5F, 0xF5,
    0xDF, 0x01, 0x00, 0x00, 0x00, 0x00, 0x00, 0x00, 0x00, 0x40, 0xFE, 0x2E,
    // Unicode: [0x004E, N]
    0xF5, 0xCF, 0x01, 0x00, 0x00, 0x00, 0x00, 0x00, 0x40, 0xFE, 0x2E, 0xF8, 0xFF, 0x0B, 0x00, 0x00,
    0x00, 0x00, 0x00, 0x70, 0xFF, 0x5F, 0xF8, 0xFF, 0x6F, 0x00, 0x00, 0x00, 0x00, 0x00, 0x70, 0xFF,
    0x5F, 0xF8, 0xFF, 0xEF, 0x02, 0x00, 0x00, 0x00, 0x00, 0x70, 0xFF, 0x5F, 0xF8, 0xFF, 0xFF, 0x0B,
    0x00, 0x00, 0x00, 0x00, 0x70, 0xFF, 0x5F, 0xF8, 0xFF, 0xFF, 0x6F, 0x00, 0x00, 0x00, 0x00, 0x70,
    0xFF, 0x5F, 0xF8, 0xFF, 0xFF, 0xEF, 0x01, 0x00, 0x00, 0x00, 0x70, 0xFF, 0x5F, 0xF8, 0xFF, 0xFC,
    0xFF, 0x0A, 0x00, 0x00, 0x00, 0x70, 0xFF, 0x5F, 0xF8, 0xFF, 0xD4, 0xFF, 0x5F, 0x00, 0x00, 0x00,
    0x70, 0xFF, 0x5F, 0xF8, 0xFF, 0x44, 0xFF, 0xEF, 0x01, 0x00, 0x00, 0x70, 0xFF, 0x5F, 0xF8, 0xFF,
    0x04, 0xF9, 0xFF, 0x0A, 0x00, 0x00, 0x70, 0xFF, 0x5F, 0xF8, 0xFF, 0x04, 0xD1, 0xFF, 0x5F, 0x00,
    0x00, 0x70, 0xFF, 0x5F, 0xF8, 0xFF, 0x04, 0x40, 0xFF, 0xEF, 0x01, 0x00, 0x70, 0xFF, 0x5F, 0xF8,
    0xFF, 0x04, 0x00, 0xF9, 0xFF, 0x0A, 0x00, 0x70, 0xFF, 0x5F, 0xF8, 0xFF, 0x04, 0x00, 0xD1, 0xFF,
    0x5F, 0x00, 0x70, 0xFF, 0x5F, 0xF8, 0xFF, 0x04, 0x00, 0x40, 0xFF, 0xEF, 0x01, 0x70, 0xFF, 0x5F,
    0xF8, 0xFF, 0x04, 0x00, 0x00, 0xF9, 0xFF, 0x0A, 0x70, 0xFF, 0x5F, 0xF8, 0xFF, 0x04, 0x00, 0x00,
    0xD1, 0xFF, 0x5F, 0x70, 0xFF, 0x5F, 0xF8, 0xFF, 0x04, 0x00, 0x00, 0x40, 0xFF, 0xEF, 0x71, 0xFF,
    0x5F, 0xF8, 0xFF, 0x04, 0x00, 0x00, 0x00, 0xF9, 0xFF, 0x7A, 0xFF, 0x5F, 0xF8, 0xFF, 0x04, 0x00,
    0x00, 0x00, 0xD1, 0xFF, 0xCF, 0xFF, 0x5F, 0xF8, 0xFF, 0x04, 0x00, 0x00, 0x00, 0x40, 0xFF, 0xFF,
    0xFF, 0x5F, 0xF8, 0xFF, 0x04, 0x00, 0x00, 0x00, 0x00, 0xF9, 0xFF, 0xFF, 0x5F, 0xF8, 0xFF, 0x04,
    0x00, 0x00, 0x00, 0x00, 0xD1, 0xFF, 0xFF, 0x5F, 0xF8, 0xFF, 0x04, 0x00, 0x00, 0x00, 0x00, 0x40,
    0xFF, 0xFF, 0x5F, 0xF8, 0xFF, 0x04, 0x00, 0x00, 0x00, 0x00, 0x00, 0xF9, 0xFF, 0x5F, 0xF8, 0xFF,
    0x03, 0x00, 0x00, 0x00, 0x00, 0x00, 0xD1, 0xFF, 0x5F, 0xF5, 0xDF, 0x01, 0x00, 0x00, 0x00, 0x00,
    0x00, 0x30, 0xFE, 0x2E,
    // Unicode: [0x004F, O]
    0x00, 0x00, 0x00, 0x61, 0xDA, 0xFE, 0xDE, 0x6A, 0x01, 0x00, 0x00, 0x00, 0x00, 0x00, 0x81, 0xFE,
    0xFF, 0xFF, 0xFF, 0xFF, 0x7E, 0x00, 0x00, 0x00, 0x00, 0x20, 0xFD, 0xFF, 0xFF, 0xFF, 0xFF, 0xFF,
    0xFF, 0x1C, 0x00, 0x00, 0x00, 0xE2, 0xFF, 0xFF, 0xCF, 0x9A, 0xCA, 0xFF, 0xFF, 0xCF, 0x01, 0x00,
    0x00, 0xFC, 0xFF, 0x8F, 0x01, 0x00, 0x00, 0x92, 0xFF, 0xFF, 0x0A, 0x00, 0x50, 0xFF, 0xEF, 0x04,
    0x00, 0x00, 0x00, 0x00, 0xF5, 0xFF, 0x4F, 0x00, 0xC0, 0xFF, 0x6F, 0x00, 0x00, 0x00, 0x00, 0x00,
    0x80, 0xFF, 0xAF, 0x00, 0xF2, 0xFF, 0x0D, 0x00, 0x00, 0x00, 0x00, 0x00, 0x10, 0xFE, 0xFF, 0x01,
    0xF5, 0xFF, 0x08, 0x00, 0x00, 0x00, 0x00, 0x00, 0x00, 0xFA, 0xFF, 0x04, 0xF8, 0xFF, 0x05, 0x00,
    0x00, 0x00, 0x00, 0x00, 0x00, 0xF7, 0xFF, 0x06, 0xF9, 0xFF, 0x03, 0x00, 0x00, 0x00, 0x00, 0x00,
    0x00, 0xF5, 0xFF, 0x07, 0xF9, 0xFF, 0x03, 0x00, 0x00, 0x00, 0x00, 0x00, 0x00, 0xF4, 0xFF, 0x08,
    0xFA, 0xFF, 0x02, 0x00, 0x00, 0x00, 0x00, 0x00, 0x00, 0xF4, 0xFF, 0x08, 0xFA, 0xFF, 0x02, 0x00,
    0x00, 0x00, 0x00, 0x00, 0x00, 0xF4, 0xFF, 0x08, 0xFA, 0xFF, 0x02, 0x00, 0x00, 0x00, 0x00, 0x00,
    0x00, 0xF4, 0xFF, 0x08, 0xFA, 0xFF, 0x02, 0x00, 0x00, 0x00, 0x00, 0x00, 0x00, 0xF4, 0xFF, 0x08,
    0xF9, 0xFF, 0x03, 0x00, 0x00, 0x00, 0x00, 0x00, 0x00, 0xF4, 0xFF, 0x08, 0xF9, 0xFF, 0x03, 0x00,
    0x00, 0x00, 0x00, 0x00, 0x00, 0xF5, 0xFF, 0x07, 0xF8, 0xFF, 0x05, 0x00, 0x00, 0x00, 0x00, 0x00,
    0x00, 0xF7, 0xFF, 0x06, 0xF5, 0xFF, 0x08, 0x00, 0x00, 0x00, 0x00, 0x00, 0x00, 0xFA, 0xFF, 0x03,
    0xF2, 0xFF, 0x0D, 0x00, 0x00, 0x00, 0x00, 0x00, 0x10, 0xFE, 0xEF, 0x00, 0xC0, 0xFF, 0x6F, 0x00,
    0x00, 0x00, 0x00, 0x00, 0x80, 0xFF, 0xAF, 0x00, 0x50, 0xFF, 0xEF, 0x03, 0x00, 0x00, 0x00, 0x00,
    0xF5, 0xFF, 0x3F, 0x00, 0x00, 0xFB, 0xFF, 0x8F, 0x01, 0x00, 0x00, 0x92, 0xFF, 0xFF, 0x09, 0x00,
    0x00, 0xD1, 0xFF, 0xFF, 0xCF, 0x99, 0xCA, 0xFF, 0xFF, 0xCF, 0x01, 0x00, 0x00, 0x20, 0xFD, 0xFF,
    0xFF, 0xFF, 0xFF, 0xFF, 0xFF, 0x1C, 0x00, 0x00, 0x00, 0x00, 0x81, 0xFE, 0xFF, 0xFF, 0xFF, 0xFF,
    0x7E, 0x00, 0x00, 0x00, 0x00, 0x00, 0x00, 0x61, 0xDA, 0xFE, 0xDE, 0x6A, 0x01, 0x00, 0x00, 0x00,
    // Unicode: [0x0050, P]
    0xF5, 0xFF, 0xFF, 0xFF, 0xFF, 0xFF, 0xDE, 0x6A, 0x01, 0x00, 0x00, 0xF8, 0xFF, 0xFF, 0xFF, 0xFF,
    0xFF, 0xFF, 0xFF, 0x7E, 0x00, 0x00, 0xF8, 0xFF, 0xFF, 0xFF, 0xFF, 0xFF, 0xFF, 0xFF, 0xFF, 0x1C,
    0x00, 0xF8, 0xFF, 0x8A, 0x88, 0x88, 0x98, 0xC9, 0xFF, 0xFF, 0xBF, 0x00, 0xF8, 0xFF, 0x04, 0x00,
    0x00, 0x00, 0x00, 0x81, 0xFF, 0xFF, 0x06, 0xF8, 0xFF, 0x04, 0x00, 0x00, 0x00, 0x00, 0x00, 0xF7,
    0xFF, 0x0B, 0xF8, 0xFF, 0x04, 0x00, 0x00, 0x00, 0x00, 0x00, 0xD0, 0xFF, 0x1F, 0xF8, 0xFF, 0x04,
    0x00, 0x00, 0x00, 0x00, 0x00, 0xA0, 0xFF, 0x2F, 0xF8, 0xFF, 0x04, 0x00, 0x00, 0x00, 0x00, 0x00,
    0x90, 0xFF, 0x3F, 0xF8, 0xFF, 0x04, 0x00, 0x00, 0x00, 0x00, 0x00, 0xA0, 0xFF, 0x2F, 0xF8, 0xFF,
    0x04, 0x00, 0x00, 0x00, 0x00, 0x00, 0xE0, 0xFF, 0x0F, 0xF8, 0xFF, 0x04, 0x00, 0x00, 0x00, 0x00,
    0x00, 0xF8, 0xFF, 0x0B, 0xF8, 0xFF, 0x04, 0x00, 0x00, 0x00, 0x00, 0x91, 0xFF, 0xFF, 0x04, 0xF8,
    0xFF, 0x8A, 0x88, 0x88, 0x98, 0xC9, 0xFF, 0xFF, 0x9F, 0x00, 0xF8, 0xFF, 0xFF, 0xFF, 0xFF, 0xFF,
    0xFF, 0xFF, 0xFF, 0x0B, 0x00, 0xF8, 0xFF, 0xFF, 0xFF, 0xFF, 0xFF, 0xFF, 0xFF, 0x6E, 0x00, 0x00,
    0xF8, 0xFF, 0xFF, 0xFF, 0xFF, 0xFF, 0xCE, 0x5A, 0x01, 0x00, 0x00, 0xF8, 0xFF, 0x04, 0x00, 0x00,
    0x00, 0x00, 0x00, 0x00, 0x00, 0x00, 0xF8, 0xFF, 0x04, 0x00, 0x00, 0x00, 0x00, 0x00, 0x00, 0x00,
    0x00, 0xF8, 0xFF, 0x04, 0x00, 0x00, 0x00, 0x00, 0x00, 0x00, 0x00, 0x00, 0xF8, 0xFF, 0x04, 0x00,
    0x00, 0x00, 0x00, 0x00, 0x00, 0x00, 0x00, 0xF8, 0xFF, 0x04, 0x00, 0x00, 0x00, 0x00, 0x00, 0x00,
    0x00, 0x00, 0xF8, 0xFF, 0x04, 0x00, 0x00, 0x00, 0x00, 0x00, 0x00, 0x00, 0x00, 0xF8, 0xFF, 0x04,
    0x00, 0x00, 0x00, 0x00, 0x00, 0x00, 0x00, 0x00, 0xF8, 0xFF, 0x04, 0x00, 0x00, 0x00, 0x00, 0x00,
    0x00, 0x00, 0x00, 0xF8, 0xFF, 0x04, 0x00, 0x00, 0x00, 0x00, 0x00, 0x00, 0x00, 0x00, 0xF8, 0xFF,
    0x03, 0x00, 0x00, 0x00, 0x00, 0x00, 0x00, 0x00, 0x00, 0xF5, 0xDF, 0x01, 0x00, 0x00, 0x00, 0x00,
    0x00, 0x00, 0x00, 0x00,
    // Unicode: [0x0051, Q]
    0x00, 0x00, 0x00, 0x61, 0xDA, 0xFE, 0xDE, 0x6A, 0x01, 0x00, 0x00, 0x00, 0x00, 0x00, 0x81, 0xFE,
    0xFF, 0xFF, 0xFF, 0xFF, 0x7E, 0x00, 0x00, 0x00, 0x00, 0x20, 0xFD, 0xFF, 0xFF, 0xFF, 0xFF, 0xFF,
    0xFF, 0x1C, 0x00, 0x00, 0x00, 0xE2, 0xFF, 0xFF, 0xCF, 0x9A, 0xCA, 0xFF, 0xFF, 0xDF, 0x01, 0x00,
    0x00, 0xFC, 0xFF, 0x8F, 0x01, 0x00, 0x00, 0x92, 0xFF, 0xFF, 0x0A, 0x00, 0x50, 0xFF, 0xEF, 0x04,
    0x00, 0x00, 0x00, 0x00, 0xF5, 0xFF, 0x4F, 0x00, 0xC0, 0xFF, 0x6F, 0x00, 0x00, 0x00, 0x00, 0x00,
    0x80, 0xFF, 0xAF, 0x00, 0xF2, 0xFF, 0x0D, 0x00, 0x00, 0x00, 0x00, 0x00, 0x10, 0xFE, 0xFF, 0x01,
    0xF5, 0xFF, 0x08, 0x00, 0x00, 0x00, 0x00, 0x00, 0x00, 0xFA, 0xFF, 0x04, 0xF8, 0xFF, 0x05, 0x00,
    0x00, 0x00, 0x00, 0x00, 0x00, 0xF7, 0xFF, 0x06, 0xF9, 0xFF, 0x03, 0x00, 0x00, 0x00, 0x00, 0x00,
    0x00, 0xF5, 0xFF, 0x07, 0xF9, 0xFF, 0x03, 0x00, 0x00, 0x00, 0x00, 0x00, 0x00, 0xF4, 0xFF, 0x08,
    0xFA, 0xFF, 0x02, 0x00, 0x00, 0x00, 0x00, 0x00, 0x00, 0xF4, 0xFF, 0x08, 0xFA, 0xFF, 0x02, 0x00,
    0x00, 0x00, 0x00, 0x00, 0x00, 0xF4, 0xFF, 0x08, 0xFA, 0xFF, 0x02, 0x00, 0x00, 0x00, 0x00, 0x00,
    0x00, 0xF4, 0xFF, 0x08, 0xFA, 0xFF, 0x02, 0x00, 0x00, 0x00, 0x00, 0x00, 0x00, 0xF4, 0xFF, 0x08,
    0xF9, 0xFF, 0x03, 0x00, 0x00, 0x00, 0x00, 0x00, 0x00, 0xF4, 0xFF, 0x08, 0xF9, 0xFF, 0x03, 0x00,
    0x00, 0x00, 0x00, 0x00, 0x00, 0xF5, 0xFF, 0x07, 0xF8, 0xFF, 0x05, 0x00, 0x00, 0x00, 0x00, 0x00,
    0x00, 0xF7, 0xFF, 0x05, 0xF5, 0xFF, 0x08, 0x00, 0x00, 0x00, 0x00, 0x00, 0x00, 0xFA, 0xFF, 0x03,
    0xF2, 0xFF, 0x0D, 0x00, 0x00, 0x00, 0x00, 0x00, 0x10, 0xFE, 0xEF, 0x00, 0xC0, 0xFF, 0x6F, 0x00,
    0x00, 0x00, 0x00, 0x00, 0x80, 0xFF, 0xAF, 0x00, 0x50, 0xFF, 0xEF, 0x03, 0x00, 0x00, 0x00, 0x00,
    0xF5, 0xFF, 0x3F, 0x00, 0x00, 0xFB, 0xFF, 0x8F, 0x01, 0x00, 0x00, 0x92, 0xFF, 0xFF, 0x09, 0x00,
    0x00, 0xD1, 0xFF, 0xFF, 0xCF, 0x99, 0xCA, 0xFF, 0xFF, 0xBF, 0x00, 0x00, 0x00, 0x20, 0xFD, 0xFF,
    0xFF, 0xFF, 0xFF, 0xFF, 0xFF, 0xCF, 0x00, 0x00, 0x00, 0x00, 0x81, 0xFE, 0xFF, 0xFF, 0xFF, 0xFF,
    0xFF, 0xFF, 0x09, 0x00, 0x00, 0x00, 0x00, 0x61, 0xDA, 0xFE, 0xCE, 0x59, 0xF4, 0xFF, 0x5F, 0x00,
    0x00, 0x00, 0x00, 0x00, 0x00, 0x00, 0x00, 0x00, 0x60, 0xFF, 0xEF, 0x02, 0x00, 0x00, 0x00, 0x00,
    0x00, 0x00, 0x00, 0x00, 0x00, 0xE7, 0xFF, 0x05,
    // Unicode: [0x0052, R]
    0xF5, 0xFF, 0xFF, 0xFF, 0xFF, 0xFF, 0xCE, 0x49, 0x00, 0x00, 0x00, 0xF8, 0xFF, 0xFF, 0xFF, 0xFF,
    0xFF, 0xFF, 0xFF, 0x4D, 0x00, 0x00, 0xF8, 0xFF, 0xFF, 0xFF, 0xFF, 0xFF, 0xFF, 0xFF, 0xFF, 0x08,
    0x00, 0xF8, 0xFF, 0x8A, 0x88, 0x88, 0x98, 0xDA, 0xFF, 0xFF, 0x6F, 0x00, 0xF8, 0xFF, 0x04, 0x00,
    0x00, 0x00, 0x00, 0xB2, 0xFF, 0xEF, 0x01, 0xF8, 0xFF, 0x04, 0x00, 0x00, 0x00, 0x00, 0x00, 0xFB,
    0xFF, 0x06, 0xF8, 0xFF, 0x04, 0x00, 0x00, 0x00, 0x00, 0x00, 0xF4, 0xFF, 0x0A, 0xF8, 0xFF, 0x04,
    0x00, 0x00, 0x00, 0x00, 0x00, 0xF0, 0xFF, 0x0B, 0xF8, 0xFF, 0x04, 0x00, 0x00, 0x00, 0x00, 0x00,
    0xF0, 0xFF, 0x0C, 0xF8, 0xFF, 0x04, 0x00, 0x00, 0x00, 0x00, 0x00, 0xF1, 0xFF, 0x0C, 0xF8, 0xFF,
    0x04, 0x00, 0x00, 0x00, 0x00, 0x00, 0xF5, 0xFF, 0x09, 0xF8, 0xFF, 0x04, 0x00, 0x00, 0x00, 0x00,
    0x10, 0xFC, 0xFF, 0x06, 0xF8, 0xFF, 0x04, 0x00, 0x00, 0x00, 0x00, 0xC3, 0xFF, 0xEF, 0x01, 0xF8,
    0xFF, 0x8A, 0x88, 0x88, 0x98, 0xDA, 0xFF, 0xFF, 0x5F, 0x00, 0xF8, 0xFF, 0xFF, 0xFF, 0xFF, 0xFF,
    0xFF, 0xFF, 0xFF, 0x06, 0x00, 0xF8, 0xFF, 0xFF, 0xFF, 0xFF, 0xFF, 0xFF, 0xFF, 0x4D, 0x00, 0x00,
    0xF8, 0xFF, 0xFF, 0xFF, 0xFF, 0xFF, 0xFF, 0x6F, 0x00, 0x00, 0x00, 0xF8, 0xFF, 0x04, 0x00, 0x00,
    0x90, 0xFF, 0xAF, 0x00, 0x00, 0x00, 0xF8, 0xFF, 0x04, 0x00, 0x00, 0x10, 0xFE, 0xFF, 0x04, 0x00,
    0x00, 0xF8, 0xFF, 0x04, 0x00, 0x00, 0x00, 0xF6, 0xFF, 0x0D, 0x00, 0x00, 0xF8, 0xFF, 0x04, 0x00,
    0x00, 0x00, 0xC0, 0xFF, 0x7F, 0x00, 0x00, 0xF8, 0xFF, 0x04, 0x00, 0x00, 0x00, 0x40, 0xFF, 0xEF,
    0x02, 0x00, 0xF8, 0xFF, 0x04, 0x00, 0x00, 0x00, 0x00, 0xFA, 0xFF, 0x0A, 0x00, 0xF8, 0xFF, 0x04,
    0x00, 0x00, 0x00, 0x00, 0xF2, 0xFF, 0x4F, 0x00, 0xF8, 0xFF, 0x04, 0x00, 0x00, 0x00, 0x00, 0x80,
    0xFF, 0xCF, 0x00, 0xF8, 0xFF, 0x04, 0x00, 0x00, 0x00, 0x00, 0x10, 0xFD, 0xFF, 0x06, 0xF8, 0xFF,
    0x03, 0x00, 0x00, 0x00, 0x00, 0x00, 0xF5, 0xFF, 0x1E, 0xF5, 0xDF, 0x01, 0x00, 0x00, 0x00, 0x00,
    0x00, 0x90, 0xFF, 0x2E,
    // Unicode: [0x0053, S]
    0x00, 0x00, 0x00, 0x83, 0xEC, 0xFF, 0xCE, 0x38, 0x00, 0x00, 0x00, 0x00, 0x00, 0xB3, 0xFF, 0xFF,
    0xFF, 0xFF, 0xFF, 0x3B, 0x00, 0x00, 0x00, 0x50, 0xFF, 0xFF, 0xFF, 0xFF, 0xFF, 0xFF, 0xFF, 0x07,
    0x00, 0x00, 0xF3, 0xFF, 0xFF, 0xBE, 0x99, 0xEA, 0xFF, 0xFF, 0x7F, 0x00, 0x00, 0xFC, 0xFF, 0x5D,
    0x00, 0x00, 0x00, 0xD5, 0xFF, 0xFF, 0x03, 0x30, 0xFF, 0xEF, 0x02, 0x00, 0x00, 0x00, 0x10, 0xFC,
    0xFF, 0x0C, 0x60, 0xFF, 0x8F, 0x00, 0x00, 0x00, 0x00, 0x00, 0xE1, 0xFF, 0x2F, 0x70, 0xFF, 0x5F,
    0x00, 0x00, 0x00, 0x00, 0x00, 0x40, 0xED, 0x1D, 0x60, 0xFF, 0x7F, 0x00, 0x00, 0x00, 0x00, 0x00,
    0x00, 0x00, 0x00, 0x30, 0xFF, 0xDF, 0x01, 0x00, 0x00, 0x00, 0x00, 0x00, 0x00, 0x00, 0x00, 0xFC,
    0xFF, 0x5D, 0x00, 0x00, 0x00, 0x00, 0x00, 0x00, 0x00, 0x00, 0xF3, 0xFF, 0xFF, 0x8D, 0x03, 0x00,
    0x00, 0x00, 0x00, 0x00, 0x00, 0x50, 0xFE, 0xFF, 0xFF, 0xEF, 0x6A, 0x02, 0x00, 0x00, 0x00, 0x00,
    0x00, 0xA2, 0xFF, 0xFF, 0xFF, 0xFF, 0xCF, 0x17, 0x00, 0x00, 0x00, 0x00, 0x00, 0x72, 0xFC, 0xFF,
    0xFF, 0xFF, 0xFF, 0x18, 0x00, 0x00, 0x00, 0x00, 0x00, 0x10, 0x95, 0xFD, 0xFF, 0xFF, 0xDF, 0x02,
    0x00, 0x00, 0x00, 0x00, 0x00, 0x00, 0x20, 0xD8, 0xFF, 0xFF, 0x1D, 0x00, 0x00, 0x00, 0x00, 0x00,
    0x00, 0x00, 0x00, 0xE7, 0xFF, 0x7F, 0x00, 0x00, 0x00, 0x00, 0x00, 0x00, 0x00, 0x00, 0x50, 0xFF,
    0xCF, 0x20, 0x12, 0x00, 0x00, 0x00, 0x00, 0x00, 0x00, 0x00, 0xFD, 0xEF, 0xF6, 0xEF, 0x02, 0x00,
    0x00, 0x00, 0x00, 0x00, 0x00, 0xFD, 0xFF, 0xF5, 0xFF, 0x0B, 0x00, 0x00, 0x00, 0x00, 0x00, 0x30,
    0xFF, 0xDF, 0xE1, 0xFF, 0x9F, 0x00, 0x00, 0x00, 0x00, 0x00, 0xD2, 0xFF, 0x9F, 0x70, 0xFF, 0xFF,
    0x4C, 0x00, 0x00, 0x00, 0x71, 0xFE, 0xFF, 0x2F, 0x00, 0xFA, 0xFF, 0xFF, 0xAD, 0x99, 0xCA, 0xFF,
    0xFF, 0xFF, 0x06, 0x00, 0x80, 0xFF, 0xFF, 0xFF, 0xFF, 0xFF, 0xFF, 0xFF, 0x6F, 0x00, 0x00, 0x00,
    0xB3, 0xFF, 0xFF, 0xFF, 0xFF, 0xFF, 0xBF, 0x03, 0x00, 0x00, 0x00, 0x00, 0x72, 0xDB, 0xFF, 0xCD,
    0x6A, 0x02, 0x00, 0x00,
    // Unicode: [0x0054, T]
    0xC0, 0xFF, 0xFF, 0xFF, 0xFF, 0xFF, 0xFF, 0xFF, 0xFF, 0xFF, 0x9F, 0xF1, 0xFF, 0xFF, 0xFF, 0xFF,
    0xFF, 0xFF, 0xFF, 0xFF, 0xFF, 0xDF, 0xF1, 0xFF, 0xFF, 0xFF, 0xFF, 0xFF, 0xFF, 0xFF, 0xFF, 0xFF,
    0xCF, 0x60, 0x88, 0x88, 0x88, 0xC8, 0xFF, 0xAF, 0x88, 0x88, 0x88, 0x48, 0x00, 0x00, 0x00, 0x00,
    0x80, 0xFF, 0x4F, 0x00, 0x00, 0x00, 0x00, 0x00, 0x00, 0x00, 0x00, 0x80, 0xFF, 0x4F, 0x00, 0x00,
    0x00, 0x00, 0x00, 0x00, 0x00, 0x00, 0x80, 0xFF, 0x4F, 0x00, 0x00, 0x00, 0x00, 0x00, 0x00, 0x00,
    0x00, 0x80, 0xFF, 0x4F, 0x00, 0x00, 0x00, 0x00, 0x00, 0x00, 0x00, 0x00, 0x80, 0xFF, 0x4F, 0x00,
    0x00, 0x00, 0x00, 0x00, 0x00, 0x00, 0x00, 0x80, 0xFF, 0x4F, 0x00, 0x00, 0x00, 0x00, 0x00, 0x00,
    0x00, 0x00, 0x80, 0xFF, 0x4F, 0x00, 0x00, 0x00, 0x00, 0x00, 0x00, 0x00, 0x00, 0x80, 0xFF, 0x4F,
    0x00, 0x00, 0x00, 0x00, 0x00, 0x00, 0x00, 0x00, 0x80, 0xFF, 0x4F, 0x00, 0x00, 0x00, 0x00, 0x00,
    0x00, 0x00, 0x00, 0x80, 0xFF, 0x4F, 0x00, 0x00, 0x00, 0x00, 0x00, 0x00, 0x00, 0x00, 0x80, 0xFF,
    0x4F, 0x00, 0x00, 0x00, 0x00, 0x00, 0x00, 0x00, 0x00, 0x80, 0xFF, 0x4F, 0x00, 0x00, 0x00, 0x00,
    0x00, 0x00, 0x00, 0x00, 0x80, 0xFF, 0x4F, 0x00, 0x00, 0x00, 0x00, 0x00, 0x00, 0x00, 0x00, 0x80,
    0xFF, 0x4F, 0x00, 0x00, 0x00, 0x00, 0x00, 0x00, 0x00, 0x00, 0x80, 0xFF, 0x4F, 0x00, 0x00, 0x00,
    0x00, 0x00, 0x00, 0x00, 0x00, 0x80, 0xFF, 0x4F, 0x00, 0x00, 0x00, 0x00, 0x00, 0x00, 0x00, 0x00,
    0x80, 0xFF, 0x4F, 0x00, 0x00, 0x00, 0x00, 0x00, 0x00, 0x00, 0x00, 0x80, 0xFF, 0x4F, 0x00, 0x00,
    0x00, 0x00, 0x00, 0x00, 0x00, 0x00, 0x80, 0xFF, 0x4F, 0x00, 0x00, 0x00, 0x00, 0x00, 0x00, 0x00,
    0x00, 0x80, 0xFF, 0x4F, 0x00, 0x00, 0x00, 0x00, 0x00, 0x00, 0x00, 0x00, 0x80, 0xFF, 0x4F, 0x00,
    0x00, 0x00, 0x00, 0x00, 0x00, 0x00, 0x00, 0x80, 0xFF, 0x4F, 0x00, 0x00, 0x00, 0x00, 0x00, 0x00,
    0x00, 0x00, 0x80, 0xFF, 0x4F, 0x00, 0x00, 0x00, 0x00, 0x00, 0x00, 0x00, 0x00, 0x40, 0xFE, 0x2E,
    0x00, 0x00, 0x00, 0x00,
    // Unicode: [0x0055, U]
    0xF8, 0xBF, 0x00, 0x00, 0x00, 0x00, 0x00, 0x00, 0x00, 0xFC, 0x7F, 0xFC, 0xFF, 0x00, 0x00, 0x00,
    0x00, 0x00, 0x00, 0x10, 0xFF, 0xBF, 0xFC, 0xFF, 0x00, 0x00, 0x00, 0x00, 0x00, 0x00, 0x10, 0xFF,
    0xBF, 0xFC, 0xFF, 0x00, 0x00, 0x00, 0x00, 0x00, 0x00, 0x10, 0xFF, 0xBF, 0xFC, 0xFF, 0x00, 0x00,
    0x00, 0x00, 0x00, 0x00, 0x10, 0xFF, 0xBF, 0xFC, 0xFF, 0x00, 0x00, 0x00, 0x00, 0x00, 0x00, 0x10,
    0xFF, 0xBF, 0xFC, 0xFF, 0x00, 0x00, 0x00, 0x00, 0x00, 0x00, 0x10, 0xFF, 0xBF, 0xFC, 0xFF, 0x00,
    0x00, 0x00, 0x00, 0x00, 0x00, 0x10, 0xFF, 0xBF, 0xFC, 0xFF, 0x00, 0x00, 0x00, 0x00, 0x00, 0x00,
    0x10, 0xFF, 0xBF, 0xFC, 0xFF, 0x00, 0x00, 0x00, 0x00, 0x00, 0x00, 0x10, 0xFF, 0xBF, 0xFC, 0xFF,
    0x00, 0x00, 0x00, 0x00, 0x00, 0x00, 0x10, 0xFF, 0xBF, 0xFC, 0xFF, 0x00, 0x00, 0x00, 0x00, 0x00,
    0x00, 0x10, 0xFF, 0xBF, 0xFC, 0xFF, 0x00, 0x00, 0x00, 0x00, 0x00, 0x00, 0x10, 0xFF, 0xBF, 0xFC,
    0xFF, 0x00, 0x00, 0x00, 0x00, 0x00, 0x00, 0x10, 0xFF, 0xBF, 0xFC, 0xFF, 0x00, 0x00, 0x00, 0x00,
    0x00, 0x00, 0x10, 0xFF, 0xBF, 0xFC, 0xFF, 0x00, 0x00, 0x00, 0x00, 0x00, 0x00, 0x10, 0xFF, 0xBF,
    0xFC, 0xFF, 0x00, 0x00, 0x00, 0x00, 0x00, 0x00, 0x10, 0xFF, 0xBF, 0xFB, 0xFF, 0x00, 0x00, 0x00,
    0x00, 0x00, 0x00, 0x10, 0xFF, 0xAF, 0xFA, 0xFF, 0x01, 0x00, 0x00, 0x00, 0x00, 0x00, 0x20, 0xFF,
    0x9F, 0xF9, 0xFF, 0x04, 0x00, 0x00, 0x00, 0x00, 0x00, 0x50, 0xFF, 0x7F, 0xF5, 0xFF, 0x08, 0x00,
    0x00, 0x00, 0x00, 0x00, 0x90, 0xFF, 0x4F, 0xF2, 0xFF, 0x1E, 0x00, 0x00, 0x00, 0x00, 0x00, 0xE1,
    0xFF, 0x1E, 0xA0, 0xFF, 0xAF, 0x00, 0x00, 0x00, 0x00, 0x00, 0xFB, 0xFF, 0x09, 0x30, 0xFF, 0xFF,
    0x2A, 0x00, 0x00, 0x00, 0xB2, 0xFF, 0xEF, 0x02, 0x00, 0xF8, 0xFF, 0xFF, 0x7B, 0x66, 0xB7, 0xFF,
    0xFF, 0x6F, 0x00, 0x00, 0x90, 0xFF, 0xFF, 0xFF, 0xFF, 0xFF, 0xFF, 0xFF, 0x07, 0x00, 0x00, 0x00,
    0xD6, 0xFF, 0xFF, 0xFF, 0xFF, 0xFF, 0x5D, 0x00, 0x00, 0x00, 0x00, 0x00, 0x95, 0xDC, 0xEF, 0xCD,
    0x48, 0x00, 0x00, 0x00,
    // Unicode: [0x0056, V]
    0xF8, 0xBF, 0x00, 0x00, 0x00, 0x00, 0x00, 0x00, 0x00, 0x20, 0xFD, 0x6F, 0xF8, 0xFF, 0x05, 0x00,
    0x00, 0x00, 0x00, 0x00, 0x00, 0x80, 0xFF, 0x6F, 0xF3, 0xFF, 0x0B, 0x00, 0x00, 0x00, 0x00, 0x00,
    0x00, 0xD0, 0xFF, 0x1F, 0xD0, 0xFF, 0x1F, 0x00, 0x00, 0x00, 0x00, 0x00, 0x00, 0xF3, 0xFF, 0x0B,
    0x80, 0xFF, 0x6F, 0x00, 0x00, 0x00, 0x00, 0x00, 0x00, 0xF8, 0xFF, 0x06, 0x30, 0xFF, 0xBF, 0x00,
    0x00, 0x00, 0x00, 0x00, 0x00, 0xFD, 0xFF, 0x01, 0x00, 0xFD, 0xFF, 0x01, 0x00, 0x00, 0x00, 0x00,
    0x30, 0xFF, 0xAF, 0x00, 0x00, 0xF7, 0xFF, 0x06, 0x00, 0x00, 0x00, 0x00, 0x80, 0xFF, 0x5F, 0x00,
    0x00, 0xF2, 0xFF, 0x0B, 0x00, 0x00, 0x00, 0x00, 0xD0, 0xFF, 0x1E, 0x00, 0x00, 0xC0, 0xFF, 0x1F,
    0x00, 0x00, 0x00, 0x00, 0xF3, 0xFF, 0x0A, 0x00, 0x00, 0x70, 0xFF, 0x6F, 0x00, 0x00, 0x00, 0x00,
    0xF8, 0xFF, 0x05, 0x00, 0x00, 0x20, 0xFF, 0xBF, 0x00, 0x00, 0x00, 0x00, 0xFD, 0xEF, 0x00, 0x00,
    0x00, 0x00, 0xFB, 0xFF, 0x01, 0x00, 0x00, 0x30, 0xFF, 0x9F, 0x00, 0x00, 0x00, 0x00, 0xF6, 0xFF,
    0x06, 0x00, 0x00, 0x80, 0xFF, 0x4F, 0x00, 0x00, 0x00, 0x00, 0xF1, 0xFF, 0x0B, 0x00, 0x00, 0xD0,
    0xFF, 0x0E, 0x00, 0x00, 0x00, 0x00, 0xB0, 0xFF, 0x1F, 0x00, 0x00, 0xF3, 0xFF, 0x09, 0x00, 0x00,
    0x00, 0x00, 0x60, 0xFF, 0x6F, 0x00, 0x00, 0xF8, 0xFF, 0x04, 0x00, 0x00, 0x00, 0x00, 0x10, 0xFF,
    0xBF, 0x00, 0x00, 0xFD, 0xDF, 0x00, 0x00, 0x00, 0x00, 0x00, 0x00, 0xFA, 0xFF, 0x01, 0x40, 0xFF,
    0x8F, 0x00, 0x00, 0x00, 0x00, 0x00, 0x00, 0xF5, 0xFF, 0x06, 0x90, 0xFF, 0x3F, 0x00, 0x00, 0x00,
    0x00, 0x00, 0x00, 0xE1, 0xFF, 0x0B, 0xD0, 0xFF, 0x0D, 0x00, 0x00, 0x00, 0x00, 0x00, 0x00, 0xA0,
    0xFF, 0x1F, 0xF4, 0xFF, 0x08, 0x00, 0x00, 0x00, 0x00, 0x00, 0x00, 0x50, 0xFF, 0x6F, 0xF9, 0xFF,
    0x03, 0x00, 0x00, 0x00, 0x00, 0x00, 0x00, 0x00, 0xFE, 0xBF, 0xFE, 0xDF, 0x00, 0x00, 0x00, 0x00,
    0x00, 0x00, 0x00, 0x00, 0xF9, 0xFF, 0xFF, 0x7F, 0x00, 0x00, 0x00, 0x00, 0x00, 0x00, 0x00, 0x00,
    0xF4, 0xFF, 0xFF, 0x2F, 0x00, 0x00, 0x00, 0x00, 0x00, 0x00, 0x00, 0x00, 0xD0, 0xFF, 0xFF, 0x0C,
    0x00, 0x00, 0x00, 0x00, 0x00, 0x00, 0x00, 0x00, 0x40, 0xFD, 0xCF, 0x03, 0x00, 0x00, 0x00, 0x00,
    // Unicode: [0x0057, W]
    0xF4, 0xDF, 0x01, 0x00, 0x00, 0x00, 0x00, 0x00, 0x00, 0x00, 0x00, 0x00, 0x50, 0xFF, 0x0D, 0xF4,
    0xFF, 0x06, 0x00, 0x00, 0x00, 0x00, 0x00, 0x00, 0x00, 0x00, 0x00, 0xB0, 0xFF, 0x0F, 0xF1, 0xFF,
    0x09, 0x00, 0x00, 0x00, 0x00, 0x00, 0x00, 0x00, 0x00, 0x00, 0xE0, 0xFF, 0x0C, 0xE0, 0xFF, 0x0B,
    0x00, 0x00, 0x00, 0x00, 0x00, 0x00, 0x00, 0x00, 0x00, 0xF1, 0xFF, 0x09, 0xB0, 0xFF, 0x0E, 0x00,
    0x00, 0x00, 0x00, 0x00, 0x00, 0x00, 0x00, 0x00, 0xF4, 0xFF, 0x06, 0x80, 0xFF, 0x2F, 0x00, 0x00,
    0x00, 0x00, 0x00, 0x00, 0x00, 0x00, 0x00, 0xF7, 0xFF, 0x03, 0x50, 0xFF, 0x5F, 0x00, 0x00, 0x00,
    0x90, 0xCC, 0x05, 0x00, 0x00, 0x00, 0xFA, 0xFF, 0x00, 0x20, 0xFF, 0x7F, 0x00, 0x00, 0x00, 0xF3,
    0xFF, 0x0D, 0x00, 0x00, 0x00, 0xFD, 0xCF, 0x00, 0x00, 0xFE, 0xAF, 0x00, 0x00, 0x00, 0xF8, 0xFF,
    0x3F, 0x00, 0x00, 0x00, 0xFF, 0x9F, 0x00, 0x00, 0xFB, 0xDF, 0x00, 0x00, 0x00, 0xFC, 0xFF, 0x7F,
    0x00, 0x00, 0x30, 0xFF, 0x6F, 0x00, 0x00, 0xF8, 0xFF, 0x01, 0x00, 0x10, 0xFF, 0xFF, 0xBF, 0x00,
    0x00, 0x60, 0xFF, 0x3F, 0x00, 0x00, 0xF5, 0xFF, 0x04, 0x00, 0x50, 0xFF, 0xFF, 0xFF, 0x01, 0x00,
    0x90, 0xFF, 0x0F, 0x00, 0x00, 0xF2, 0xFF, 0x06, 0x00, 0x90, 0xFF, 0xFE, 0xFF, 0x05, 0x00, 0xB0,
    0xFF, 0x0C, 0x00, 0x00, 0xE0, 0xFF, 0x09, 0x00, 0xE0, 0xFF, 0xD9, 0xFF, 0x09, 0x00, 0xE0, 0xFF,
    0x09, 0x00, 0x00, 0xB0, 0xFF, 0x0C, 0x00, 0xF3, 0xFF, 0x95, 0xFF, 0x0D, 0x00, 0xF2, 0xFF, 0x06,
    0x00, 0x00, 0x80, 0xFF, 0x0F, 0x00, 0xF7, 0xFF, 0x51, 0xFF, 0x2F, 0x00, 0xF5, 0xFF, 0x03, 0x00,
    0x00, 0x50, 0xFF, 0x2F, 0x00, 0xFB, 0xBF, 0x10, 0xFF, 0x7F, 0x00, 0xF8, 0xFF, 0x00, 0x00, 0x00,
    0x20, 0xFF, 0x5F, 0x10, 0xFF, 0x7F, 0x00, 0xFC, 0xBF, 0x00, 0xFA, 0xCF, 0x00, 0x00, 0x00, 0x00,
    0xFE, 0x8F, 0x40, 0xFF, 0x3F, 0x00, 0xF8, 0xFF, 0x01, 0xFD, 0x9F, 0x00, 0x00, 0x00, 0x00, 0xFB,
    0xBF, 0x90, 0xFF, 0x0E, 0x00, 0xF4, 0xFF, 0x14, 0xFF, 0x6F, 0x00, 0x00, 0x00, 0x00, 0xF8, 0xEF,
    0xD0, 0xFF, 0x0A, 0x00, 0xE0, 0xFF, 0x48, 0xFF, 0x3F, 0x00, 0x00, 0x00, 0x00, 0xF5, 0xFF, 0xF3,
    0xFF, 0x06, 0x00, 0xB0, 0xFF, 0x7D, 0xFF, 0x0F, 0x00, 0x00, 0x00, 0x00, 0xF2, 0xFF, 0xFA, 0xFF,
    0x02, 0x00, 0x60, 0xFF, 0xBF, 0xFF, 0x0C, 0x00, 0x00, 0x00, 0x00, 0xE0, 0xFF, 0xFF, 0xCF, 0x00,
    0x00, 0x20, 0xFF, 0xFF, 0xFF, 0x09, 0x00, 0x00, 0x00, 0x00, 0xB0, 0xFF, 0xFF, 0x8F, 0x00, 0x00,
    0x00, 0xFD, 0xFF, 0xFF, 0x06, 0x00, 0x00, 0x00, 0x00, 0x80, 0xFF, 0xFF, 0x4F, 0x00, 0x00, 0x00,
    0xF9, 0xFF, 0xFF, 0x03, 0x00, 0x00, 0x00, 0x00, 0x40, 0xFF, 0xFF, 0x0E, 0x00, 0x00, 0x00, 0xF4,
    0xFF, 0xEF, 0x00, 0x00, 0x00, 0x00, 0x00, 0x00, 0xFA, 0xEF, 0x05, 0x00, 0x00, 0x00, 0x90, 0xFF,
    0x6E, 0x00, 0x00, 0x00,
    // Unicode: [0x0058, X]
    0xF8, 0xEF, 0x05, 0x00, 0x00, 0x00, 0x00, 0x00, 0x00, 0x90, 0xFF, 0x1D, 0xF6, 0xFF, 0x2E, 0x00,
    0x00, 0x00, 0x00, 0x00, 0x00, 0xF7, 0xFF, 0x0C, 0xB0, 0xFF, 0xCF, 0x00, 0x00, 0x00, 0x00, 0x00,
    0x30, 0xFF, 0xFF, 0x03, 0x10, 0xFD, 0xFF, 0x09, 0x00, 0x00, 0x00, 0x00, 0xD1, 0xFF, 0x7F, 0x00,
    0x00, 0xF4, 0xFF, 0x5F, 0x00, 0x00, 0x00, 0x00, 0xFA, 0xFF, 0x0B, 0x00, 0x00, 0x80, 0xFF, 0xEF,
    0x02, 0x00, 0x00, 0x50, 0xFF, 0xEF, 0x01, 0x00, 0x00, 0x00, 0xFC, 0xFF, 0x0B, 0x00, 0x00, 0xE2,
    0xFF, 0x4F, 0x00, 0x00, 0x00, 0x00, 0xE2, 0xFF, 0x7F, 0x00, 0x00, 0xFC, 0xFF, 0x09, 0x00, 0x00,
    0x00, 0x00, 0x50, 0xFF, 0xFF, 0x04, 0x80, 0xFF, 0xCF, 0x00, 0x00, 0x00, 0x00, 0x00, 0x00, 0xF9,
    0xFF, 0x1D, 0xF3, 0xFF, 0x3F, 0x00, 0x00, 0x00, 0x00, 0x00, 0x00, 0xC1, 0xFF, 0xBF, 0xFD, 0xFF,
    0x06, 0x00, 0x00, 0x00, 0x00, 0x00, 0x00, 0x30, 0xFE, 0xFF, 0xFF, 0xBF, 0x00, 0x00, 0x00, 0x00,
    0x00, 0x00, 0x00, 0x00, 0xF6, 0xFF, 0xFF, 0x1E, 0x00, 0x00, 0x00, 0x00, 0x00, 0x00, 0x00, 0x00,
    0xB0, 0xFF, 0xFF, 0x05, 0x00, 0x00, 0x00, 0x00, 0x00, 0x00, 0x00, 0x00, 0xE2, 0xFF, 0xFF, 0x09,
    0x00, 0x00, 0x00, 0x00, 0x00, 0x00, 0x00, 0x00, 0xFC, 0xFF, 0xFF, 0x5F, 0x00, 0x00, 0x00, 0x00,
    0x00, 0x00, 0x00, 0x80, 0xFF, 0xEF, 0xFF, 0xEF, 0x02, 0x00, 0x00, 0x00, 0x00, 0x00, 0x00, 0xF4,
    0xFF, 0x3F, 0xFB, 0xFF, 0x0B, 0x00, 0x00, 0x00, 0x00, 0x00, 0x10, 0xFE, 0xFF, 0x06, 0xE2, 0xFF,
    0x8F, 0x00, 0x00, 0x00, 0x00, 0x00, 0xB0, 0xFF, 0xAF, 0x00, 0x50, 0xFF, 0xFF, 0x04, 0x00, 0x00,
    0x00, 0x00, 0xF7, 0xFF, 0x1D, 0x00, 0x00, 0xF9, 0xFF, 0x1D, 0x00, 0x00, 0x00, 0x30, 0xFF, 0xFF,
    0x04, 0x00, 0x00, 0xC1, 0xFF, 0xAF, 0x00, 0x00, 0x00, 0xD1, 0xFF, 0x7F, 0x00, 0x00, 0x00, 0x30,
    0xFE, 0xFF, 0x06, 0x00, 0x00, 0xFA, 0xFF, 0x0B, 0x00, 0x00, 0x00, 0x00, 0xF6, 0xFF, 0x3F, 0x00,
    0x50, 0xFF, 0xEF, 0x02, 0x00, 0x00, 0x00, 0x00, 0xA0, 0xFF, 0xDF, 0x01, 0xE2, 0xFF, 0x5F, 0x00,
    0x00, 0x00, 0x00, 0x00, 0x10, 0xFD, 0xFF, 0x09, 0xFC, 0xFF, 0x09, 0x00, 0x00, 0x00, 0x00, 0x00,
    0x00, 0xF4, 0xFF, 0x5F, 0xFD, 0xAF, 0x00, 0x00, 0x00, 0x00, 0x00, 0x00, 0x00, 0x60, 0xFE, 0x6F,
    // Unicode: [0x0059, Y]
    0xF9, 0xDF, 0x02, 0x00, 0x00, 0x00, 0x00, 0x00, 0x00, 0x50, 0xFE, 0x5F, 0xF8, 0xFF, 0x0B, 0x00,
    0x00, 0x00, 0x00, 0x00, 0x00, 0xE1, 0xFF, 0x4F, 0xE1, 0xFF, 0x5F, 0x00, 0x00, 0x00, 0x00, 0x00,
    0x00, 0xF9, 0xFF, 0x0A, 0x60, 0xFF, 0xDF, 0x01, 0x00, 0x00, 0x00, 0x00, 0x30, 0xFF, 0xEF, 0x02,
    0x00, 0xFC, 0xFF, 0x08, 0x00, 0x00, 0x00, 0x00, 0xC0, 0xFF, 0x7F, 0x00, 0x00, 0xF3, 0xFF, 0x2E,
    0x00, 0x00, 0x00, 0x00, 0xF6, 0xFF, 0x0D, 0x00, 0x00, 0x90, 0xFF, 0xAF, 0x00, 0x00, 0x00, 0x10,
    0xFE, 0xFF, 0x05, 0x00, 0x00, 0x10, 0xFE, 0xFF, 0x04, 0x00, 0x00, 0x80, 0xFF, 0xBF, 0x00, 0x00,
    0x00, 0x00, 0xF6, 0xFF, 0x0C, 0x00, 0x00, 0xF2, 0xFF, 0x2F, 0x00, 0x00, 0x00, 0x00, 0xC0, 0xFF,
    0x6F, 0x00, 0x00, 0xFB, 0xFF, 0x08, 0x00, 0x00, 0x00, 0x00, 0x30, 0xFF, 0xEF, 0x01, 0x40, 0xFF,
    0xDF, 0x01, 0x00, 0x00, 0x00, 0x00, 0x00, 0xFA, 0xFF, 0x08, 0xD0, 0xFF, 0x5F, 0x00, 0x00, 0x00,
    0x00, 0x00, 0x00, 0xE1, 0xFF, 0x2F, 0xF7, 0xFF, 0x0B, 0x00, 0x00, 0x00, 0x00, 0x00, 0x00, 0x70,
    0xFF, 0xBF, 0xFE, 0xFF, 0x03, 0x00, 0x00, 0x00, 0x00, 0x00, 0x00, 0x00, 0xFD, 0xFF, 0xFF, 0x9F,
    0x00, 0x00, 0x00, 0x00, 0x00, 0x00, 0x00, 0x00, 0xF4, 0xFF, 0xFF, 0x1E, 0x00, 0x00, 0x00, 0x00,
    0x00, 0x00, 0x00, 0x00, 0xA0, 0xFF, 0xFF, 0x06, 0x00, 0x00, 0x00, 0x00, 0x00, 0x00, 0x00, 0x00,
    0x20, 0xFF, 0xDF, 0x00, 0x00, 0x00, 0x00, 0x00, 0x00, 0x00, 0x00, 0x00, 0x10, 0xFF, 0xCF, 0x00,
    0x00, 0x00, 0x00, 0x00, 0x00, 0x00, 0x00, 0x00, 0x10, 0xFF, 0xCF, 0x00, 0x00, 0x00, 0x00, 0x00,
    0x00, 0x00, 0x00, 0x00, 0x10, 0xFF, 0xCF, 0x00, 0x00, 0x00, 0x00, 0x00, 0x00, 0x00, 0x00, 0x00,
    0x10, 0xFF, 0xCF, 0x00, 0x00, 0x00, 0x00, 0x00, 0x00, 0x00, 0x00, 0x00, 0x10, 0xFF, 0xCF, 0x00,
    0x00, 0x00, 0x00, 0x00, 0x00, 0x00, 0x00, 0x00, 0x10, 0xFF, 0xCF, 0x00, 0x00, 0x00, 0x00, 0x00,
    0x00, 0x00, 0x00, 0x00, 0x10, 0xFF, 0xCF, 0x00, 0x00, 0x00, 0x00, 0x00, 0x00, 0x00, 0x00, 0x00,
    0x10, 0xFF, 0xCF, 0x00, 0x00, 0x00, 0x00, 0x00, 0x00, 0x00, 0x00, 0x00, 0x10, 0xFF, 0xBF, 0x00,
    0x00, 0x00, 0x00, 0x00, 0x00, 0x00, 0x00, 0x00, 0x00, 0xFC, 0x7F, 0x00, 0x00, 0x00, 0x00, 0x00,
    // Unicode: [0x005A, Z]
    0xC0, 0xFF, 0xFF, 0xFF, 0xFF, 0xFF, 0xFF, 0xFF, 0xFF, 0xFF, 0x0A, 0xF1, 0xFF, 0xFF, 0xFF, 0xFF,
    0xFF, 0xFF, 0xFF, 0xFF, 0xFF, 0x0E, 0xF0, 0xFF, 0xFF, 0xFF, 0xFF, 0xFF, 0xFF, 0xFF, 0xFF, 0xFF,
    0x0E, 0x50, 0x88, 0x88, 0x88, 0x88, 0x88, 0x88, 0x98, 0xFF, 0xFF, 0x0A, 0x00, 0x00, 0x00, 0x00,
    0x00, 0x00, 0x00, 0xA0, 0xFF, 0xDF, 0x01, 0x00, 0x00, 0x00, 0x00, 0x00, 0x00, 0x00, 0xF6, 0xFF,
    0x4F, 0x00, 0x00, 0x00, 0x00, 0x00, 0x00, 0x00, 0x20, 0xFE, 0xFF, 0x08, 0x00, 0x00, 0x00, 0x00,
    0x00, 0x00, 0x00, 0xC0, 0xFF, 0xCF, 0x00, 0x00, 0x00, 0x00, 0x00, 0x00, 0x00, 0x00, 0xF9, 0xFF,
    0x2E, 0x00, 0x00, 0x00, 0x00, 0x00, 0x00, 0x00, 0x40, 0xFF, 0xFF, 0x05, 0x00, 0x00, 0x00, 0x00,
    0x00, 0x00, 0x00, 0xE1, 0xFF, 0x9F, 0x00, 0x00, 0x00, 0x00, 0x00, 0x00, 0x00, 0x00, 0xFB, 0xFF,
    0x1D, 0x00, 0x00, 0x00, 0x00, 0x00, 0x00, 0x00, 0x70, 0xFF, 0xFF, 0x03, 0x00, 0x00, 0x00, 0x00,
    0x00, 0x00, 0x00, 0xF3, 0xFF, 0x7F, 0x00, 0x00, 0x00, 0x00, 0x00, 0x00, 0x00, 0x10, 0xFD, 0xFF,
    0x0B, 0x00, 0x00, 0x00, 0x00, 0x00, 0x00, 0x00, 0xA0, 0xFF, 0xEF, 0x01, 0x00, 0x00, 0x00, 0x00,
    0x00, 0x00, 0x00, 0xF5, 0xFF, 0x4F, 0x00, 0x00, 0x00, 0x00, 0x00, 0x00, 0x00, 0x20, 0xFE, 0xFF,
    0x08, 0x00, 0x00, 0x00, 0x00, 0x00, 0x00, 0x00, 0xC0, 0xFF, 0xCF, 0x00, 0x00, 0x00, 0x00, 0x00,
    0x00, 0x00, 0x00, 0xF8, 0xFF, 0x2E, 0x00, 0x00, 0x00, 0x00, 0x00, 0x00, 0x00, 0x40, 0xFF, 0xFF,
    0x06, 0x00, 0x00, 0x00, 0x00, 0x00, 0x00, 0x00, 0xD1, 0xFF, 0xAF, 0x00, 0x00, 0x00, 0x00, 0x00,
    0x00, 0x00, 0x00, 0xFB, 0xFF, 0x1D, 0x00, 0x00, 0x00, 0x00, 0x00, 0x00, 0x00, 0x60, 0xFF, 0xFF,
    0x03, 0x00, 0x00, 0x00, 0x00, 0x00, 0x00, 0x00, 0xF2, 0xFF, 0xDF, 0x88, 0x88, 0x88, 0x88, 0x88,
    0x88, 0x88, 0x07, 0xF6, 0xFF, 0xFF, 0xFF, 0xFF, 0xFF, 0xFF, 0xFF, 0xFF, 0xFF, 0x5F, 0xF7, 0xFF,
    0xFF, 0xFF, 0xFF, 0xFF, 0xFF, 0xFF, 0xFF, 0xFF, 0x5F, 0xE3, 0xFF, 0xFF, 0xFF, 0xFF, 0xFF, 0xFF,
    0xFF, 0xFF, 0xFF, 0x2E,
    // Unicode: [0x0061, a]
    0x00, 0x00, 0x10, 0xB6, 0xFD, 0xDE, 0x49, 0x00, 0x00, 0x00, 0x00, 0xE7, 0xFF, 0xFF, 0xFF, 0xFF,
    0x2C, 0x00, 0x00, 0xA0, 0xFF, 0xFF, 0xFF, 0xFF, 0xFF, 0xEF, 0x02, 0x00, 0xF7, 0xFF, 0xCF, 0x68,
    0xA7, 0xFF, 0xFF, 0x0D, 0x00, 0xFE, 0xFF, 0x07, 0x00, 0x00, 0xC2, 0xFF, 0x6F, 0x00, 0xFD, 0x7F,
    0x00, 0x00, 0x00, 0x20, 0xFF, 0xAF, 0x00, 0x00, 0x00, 0x00, 0x00, 0x00, 0x00, 0xFB, 0xDF, 0x00,
    0x00, 0x00, 0x00, 0x00, 0x00, 0x00, 0xFA, 0xFF, 0x00, 0x00, 0x00, 0x00, 0x63, 0xB8, 0xFD, 0xFF,
    0xFF, 0x00, 0x00, 0x71, 0xFB, 0xFF, 0xFF, 0xFF, 0xFF, 0xFF, 0x00, 0x70, 0xFE, 0xFF, 0xFF, 0xFF,
    0xFF, 0xFF, 0xFF, 0x10, 0xFB, 0xFF, 0xFF, 0xAD, 0x68, 0x13, 0xFA, 0xFF, 0xA0, 0xFF, 0xEF, 0x27,
    0x00, 0x00, 0x00, 0xFB, 0xFF, 0xF2, 0xFF, 0x1C, 0x00, 0x00, 0x00, 0x00, 0xFD, 0xFF, 0xF6, 0xFF,
    0x04, 0x00, 0x00, 0x00, 0x40, 0xFF, 0xFF, 0xF7, 0xFF, 0x04, 0x00, 0x00, 0x00, 0xD1, 0xFF, 0xFF,
    0xF5, 0xFF, 0x1C, 0x00, 0x00, 0x40, 0xFD, 0xFF, 0xFF, 0xE1, 0xFF, 0xEF, 0x79, 0x97, 0xFC, 0xFF,
    0xFF, 0xFF, 0x70, 0xFF, 0xFF, 0xFF, 0xFF, 0xFF, 0xEF, 0xFB, 0xFF, 0x00, 0xF7, 0xFF, 0xFF, 0xFF,
    0xFF, 0x2B, 0xFA, 0xFF, 0x00, 0x20, 0xC8, 0xFE, 0xCE, 0x38, 0x00, 0xF5, 0xBF,
    // Unicode: [0x0062, b]
    0xFB, 0x6F, 0x00, 0x00, 0x00, 0x00, 0x00, 0x00, 0x00, 0x00, 0xFF, 0xAF, 0x00, 0x00, 0x00, 0x00,
    0x00, 0x00, 0x00, 0x00, 0xFF, 0xAF, 0x00, 0x00, 0x00, 0x00, 0x00, 0x00, 0x00, 0x00, 0xFF, 0xAF,
    0x00, 0x00, 0x00, 0x00, 0x00, 0x00, 0x00, 0x00, 0xFF, 0xAF, 0x00, 0x00, 0x00, 0x00, 0x00, 0x00,
    0x00, 0x00, 0xFF, 0xAF, 0x00, 0x00, 0x00, 0x00, 0x00, 0x00, 0x00, 0x00, 0xFF, 0xAF, 0x00, 0x00,
    0x00, 0x00, 0x00, 0x00, 0x00, 0x00, 0xFF, 0xAF, 0x00, 0xB6, 0xFD, 0xDE, 0x49, 0x00, 0x00, 0x00,
    0xFF, 0xAF, 0xD3, 0xFF, 0xFF, 0xFF, 0xFF, 0x1B, 0x00, 0x00, 0xFF, 0xCF, 0xFE, 0xFF, 0xFF, 0xFF,
    0xFF, 0xEF, 0x03, 0x00, 0xFF, 0xFF, 0xFF, 0xBF, 0x67, 0xB8, 0xFF, 0xFF, 0x1D, 0x00, 0xFF, 0xFF,
    0xCF, 0x02, 0x00, 0x00, 0xE4, 0xFF, 0x9F, 0x00, 0xFF, 0xFF, 0x1D, 0x00, 0x00, 0x00, 0x20, 0xFF,
    0xFF, 0x02, 0xFF, 0xFF, 0x05, 0x00, 0x00, 0x00, 0x00, 0xF8, 0xFF, 0x07, 0xFF, 0xEF, 0x00, 0x00,
    0x00, 0x00, 0x00, 0xF2, 0xFF, 0x0B, 0xFF, 0xBF, 0x00, 0x00, 0x00, 0x00, 0x00, 0xD0, 0xFF, 0x0D,
    0xFF, 0x9F, 0x00, 0x00, 0x00, 0x00, 0x00, 0xB0, 0xFF, 0x0E, 0xFF, 0x9F, 0x00, 0x00, 0x00, 0x00,
    0x00, 0xA0, 0xFF, 0x0E, 0xFF, 0x9F, 0x00, 0x00, 0x00, 0x00, 0x00, 0xB0, 0xFF, 0x0E, 0xFF, 0xAF,
    0x00, 0x00, 0x00, 0x00, 0x00, 0xD0, 0xFF, 0x0D, 0xFF, 0xDF, 0x00, 0x00, 0x00, 0x00, 0x00, 0xF1,
    0xFF, 0x0B, 0xFF, 0xFF, 0x04, 0x00, 0x00, 0x00, 0x00, 0xF7, 0xFF, 0x07, 0xFF, 0xFF, 0x1C, 0x00,
    0x00, 0x00, 0x20, 0xFE, 0xFF, 0x02, 0xFF, 0xFF, 0xCF, 0x02, 0x00, 0x00, 0xD3, 0xFF, 0x9F, 0x00,
    0xFF, 0xFF, 0xFF, 0xAF, 0x67, 0xB7, 0xFF, 0xFF, 0x1D, 0x00, 0xFF, 0xDF, 0xFF, 0xFF, 0xFF, 0xFF,
    0xFF, 0xEF, 0x03, 0x00, 0xFF, 0xAF, 0xE4, 0xFF, 0xFF, 0xFF, 0xFF, 0x1B, 0x00, 0x00, 0xFB, 0x5F,
    0x10, 0xB6, 0xFD, 0xDE, 0x49, 0x00, 0x00, 0x00,
    // Unicode: [0x0063, c]
    0x00, 0x00, 0x40, 0xD9, 0xFE, 0xCE, 0x49, 0x00, 0x00, 0x00, 0x00, 0x20, 0xFC, 0xFF, 0xFF, 0xFF,
    0xFF, 0x2B, 0x00, 0x00, 0x00, 0xE3, 0xFF, 0xFF, 0xFF, 0xFF, 0xFF, 0xEF, 0x04, 0x00, 0x10, 0xFE,
    0xFF, 0xBF, 0x67, 0xB8, 0xFF, 0xFF, 0x3E, 0x00, 0x90, 0xFF, 0xDF, 0x03, 0x00, 0x00, 0xB1, 0xFF,
    0xBF, 0x00, 0xF2, 0xFF, 0x1D, 0x00, 0x00, 0x00, 0x00, 0xFC, 0xFF, 0x03, 0xF7, 0xFF, 0x05, 0x00,
    0x00, 0x00, 0x00, 0xF3, 0xFF, 0x05, 0xFB, 0xEF, 0x01, 0x00, 0x00, 0x00, 0x00, 0x30, 0x67, 0x00,
    0xFD, 0xCF, 0x00, 0x00, 0x00, 0x00, 0x00, 0x00, 0x00, 0x00, 0xFF, 0xAF, 0x00, 0x00, 0x00, 0x00,
    0x00, 0x00, 0x00, 0x00, 0xFF, 0xAF, 0x00, 0x00, 0x00, 0x00, 0x00, 0x00, 0x00, 0x00, 0xFF, 0xAF,
    0x00, 0x00, 0x00, 0x00, 0x00, 0x00, 0x00, 0x00, 0xFE, 0xCF, 0x00, 0x00, 0x00, 0x00, 0x00, 0x00,
    0x00, 0x00, 0xFC, 0xEF, 0x01, 0x00, 0x00, 0x00, 0x00, 0x30, 0x67, 0x00, 0xF8, 0xFF, 0x06, 0x00,
    0x00, 0x00, 0x00, 0xF3, 0xFF, 0x05, 0xF3, 0xFF, 0x1D, 0x00, 0x00, 0x00, 0x00, 0xFC, 0xFF, 0x04,
    0xB0, 0xFF, 0xDF, 0x03, 0x00, 0x00, 0xB1, 0xFF, 0xCF, 0x00, 0x20, 0xFE, 0xFF, 0xBF, 0x67, 0xA8,
    0xFF, 0xFF, 0x3E, 0x00, 0x00, 0xE4, 0xFF, 0xFF, 0xFF, 0xFF, 0xFF, 0xEF, 0x04, 0x00, 0x00, 0x20,
    0xFC, 0xFF, 0xFF, 0xFF, 0xFF, 0x2B, 0x00, 0x00, 0x00, 0x00, 0x50, 0xD9, 0xFE, 0xCE, 0x49, 0x00,
    0x00, 0x00,
    // Unicode: [0x0064, d]
    0x00, 0x00, 0x00, 0x00, 0x00, 0x00, 0x00, 0x00, 0xF7, 0xAF, 0x00, 0x00, 0x00, 0x00, 0x00, 0x00,
    0x00, 0x00, 0xFB, 0xEF, 0x00, 0x00, 0x00, 0x00, 0x00, 0x00, 0x00, 0x00, 0xFB, 0xEF, 0x00, 0x00,
    0x00, 0x00, 0x00, 0x00, 0x00, 0x00, 0xFB, 0xEF, 0x00, 0x00, 0x00, 0x00, 0x00, 0x00, 0x00, 0x00,
    0xFB, 0xEF, 0x00, 0x00, 0x00, 0x00, 0x00, 0x00, 0x00, 0x00, 0xFB, 0xEF, 0x00, 0x00, 0x00, 0x00,
    0x00, 0x00, 0x00, 0x00, 0xFB, 0xEF, 0x00, 0x00, 0x00, 0xA5, 0xFD, 0xDE, 0x5A, 0x00, 0xFB, 0xEF,
    0x00, 0x00, 0xC2, 0xFF, 0xFF, 0xFF, 0xFF, 0x3C, 0xFB, 0xEF, 0x00, 0x40, 0xFE, 0xFF, 0xFF, 0xFF,
    0xFF, 0xEF, 0xFD, 0xEF, 0x00, 0xE1, 0xFF, 0xFF, 0x7B, 0x76, 0xFB, 0xFF, 0xFF, 0xEF, 0x00, 0xFB,
    0xFF, 0x2C, 0x00, 0x00, 0x20, 0xFC, 0xFF, 0xEF, 0x30, 0xFF, 0xDF, 0x01, 0x00, 0x00, 0x00, 0xD1,
    0xFF, 0xEF, 0x80, 0xFF, 0x5F, 0x00, 0x00, 0x00, 0x00, 0x50, 0xFF, 0xEF, 0xC0, 0xFF, 0x0E, 0x00,
    0x00, 0x00, 0x00, 0x00, 0xFE, 0xEF, 0xE0, 0xFF, 0x0B, 0x00, 0x00, 0x00, 0x00, 0x00, 0xFC, 0xEF,
    0xF0, 0xFF, 0x0A, 0x00, 0x00, 0x00, 0x00, 0x00, 0xFB, 0xEF, 0xF1, 0xFF, 0x09, 0x00, 0x00, 0x00,
    0x00, 0x00, 0xFA, 0xEF, 0xF0, 0xFF, 0x0A, 0x00, 0x00, 0x00, 0x00, 0x00, 0xFA, 0xEF, 0xE0, 0xFF,
    0x0B, 0x00, 0x00, 0x00, 0x00, 0x00, 0xFC, 0xEF, 0xC0, 0xFF, 0x0E, 0x00, 0x00, 0x00, 0x00, 0x00,
    0xFE, 0xEF, 0x80, 0xFF, 0x5F, 0x00, 0x00, 0x00, 0x00, 0x50, 0xFF, 0xEF, 0x30, 0xFF, 0xDF, 0x01,
    0x00, 0x00, 0x00, 0xD1, 0xFF, 0xEF, 0x00, 0xFB, 0xFF, 0x2C, 0x00, 0x00, 0x20, 0xFC, 0xFF, 0xEF,
    0x00, 0xE2, 0xFF, 0xFF, 0x7B, 0x76, 0xFB, 0xFF, 0xFF, 0xEF, 0x00, 0x40, 0xFE, 0xFF, 0xFF, 0xFF,
    0xFF, 0xEF, 0xFD, 0xEF, 0x00, 0x00, 0xC2, 0xFF, 0xFF, 0xFF, 0xFF, 0x3D, 0xFB, 0xEF, 0x00, 0x00,
    0x00, 0xA5, 0xFD, 0xDF, 0x6B, 0x00, 0xF6, 0xAF,
    // Unicode: [0x0065, e]
    0x00, 0x00, 0x00, 0xA4, 0xED, 0xDF, 0x7B, 0x02, 0x00, 0x00, 0x00, 0x00, 0xC2, 0xFF, 0xFF, 0xFF,
    0xFF, 0x8F, 0x00, 0x00, 0x00, 0x30, 0xFE, 0xFF, 0xFF, 0xFF, 0xFF, 0xFF, 0x0B, 0x00, 0x00, 0xD1,
    0xFF, 0xEF, 0x7A, 0x86, 0xFC, 0xFF, 0x9F, 0x00, 0x00, 0xFA, 0xFF, 0x1A, 0x00, 0x00, 0x40, 0xFD,
    0xFF, 0x03, 0x20, 0xFF, 0xAF, 0x00, 0x00, 0x00, 0x00, 0xE2, 0xFF, 0x0A, 0x80, 0xFF, 0x1F, 0x00,
    0x00, 0x00, 0x00, 0x80, 0xFF, 0x0E, 0xB0, 0xFF, 0x0B, 0x00, 0x00, 0x00, 0x00, 0x40, 0xFF, 0x3F,
    0xE0, 0xFF, 0x6C, 0x66, 0x66, 0x66, 0x66, 0x76, 0xFF, 0x5F, 0xF0, 0xFF, 0xFF, 0xFF, 0xFF, 0xFF,
    0xFF, 0xFF, 0xFF, 0x6F, 0xF1, 0xFF, 0xFF, 0xFF, 0xFF, 0xFF, 0xFF, 0xFF, 0xFF, 0x7F, 0xF0, 0xFF,
    0xFF, 0xFF, 0xFF, 0xFF, 0xFF, 0xFF, 0xFF, 0x3E, 0xD0, 0xFF, 0x09, 0x00, 0x00, 0x00, 0x00, 0x00,
    0x00, 0x00, 0xB0, 0xFF, 0x0C, 0x00, 0x00, 0x00, 0x00, 0x00, 0x00, 0x00, 0x70, 0xFF, 0x2F, 0x00,
    0x00, 0x00, 0x00, 0x00, 0x00, 0x00, 0x20, 0xFF, 0xAF, 0x00, 0x00, 0x00, 0x00, 0x70, 0xDC, 0x07,
    0x00, 0xF9, 0xFF, 0x19, 0x00, 0x00, 0x10, 0xFA, 0xFF, 0x0B, 0x00, 0xD1, 0xFF, 0xEF, 0x79, 0x76,
    0xEA, 0xFF, 0xFF, 0x04, 0x00, 0x30, 0xFE, 0xFF, 0xFF, 0xFF, 0xFF, 0xFF, 0x7F, 0x00, 0x00, 0x00,
    0xB1, 0xFF, 0xFF, 0xFF, 0xFF, 0xDF, 0x05, 0x00, 0x00, 0x00, 0x00, 0x94, 0xED, 0xEF, 0x9C, 0x05,
    0x00, 0x00,
    // Unicode: [0x0068, h]
    0xFB, 0x6F, 0x00, 0x00, 0x00, 0x00, 0x00, 0x00, 0x00, 0x00, 0xFF, 0xAF, 0x00, 0x00, 0x00, 0x00,
    0x00, 0x00, 0x00, 0x00, 0xFF, 0xAF, 0x00, 0x00, 0x00, 0x00, 0x00, 0x00, 0x00, 0x00, 0xFF, 0xAF,
    0x00, 0x00, 0x00, 0x00, 0x00, 0x00, 0x00, 0x00, 0xFF, 0xAF, 0x00, 0x00, 0x00, 0x00, 0x00, 0x00,
    0x00, 0x00, 0xFF, 0xAF, 0x00, 0x00, 0x00, 0x00, 0x00, 0x00, 0x00, 0x00, 0xFF, 0xAF, 0x00, 0x00,
    0x00, 0x00, 0x00, 0x00, 0x00, 0x00, 0xFF, 0xAF, 0x00, 0xB6, 0xFD, 0xDE, 0x4A, 0x00, 0x00, 0x00,
    0xFF, 0xAF, 0xD3, 0xFF, 0xFF, 0xFF, 0xFF, 0x2B, 0x00, 0x00, 0xFF, 0xCF, 0xFE, 0xFF, 0xFF, 0xFF,
    0xFF, 0xEF, 0x03, 0x00, 0xFF, 0xFF, 0xFF, 0xAE, 0x67, 0xC8, 0xFF, 0xFF, 0x1D, 0x00, 0xFF, 0xFF,
    0xAF, 0x01, 0x00, 0x00, 0xE4, 0xFF, 0x8F, 0x00, 0xFF, 0xFF, 0x0B, 0x00, 0x00, 0x00, 0x40, 0xFF,
    0xEF, 0x00, 0xFF, 0xFF, 0x03, 0x00, 0x00, 0x00, 0x00, 0xFA, 0xFF, 0x03, 0xFF, 0xDF, 0x00, 0x00,
    0x00, 0x00, 0x00, 0xF6, 0xFF, 0x06, 0xFF, 0xBF, 0x00, 0x00, 0x00, 0x00, 0x00, 0xF3, 0xFF, 0x07,
    0xFF, 0xAF, 0x00, 0x00, 0x00, 0x00, 0x00, 0xF2, 0xFF, 0x07, 0xFF, 0xAF, 0x00, 0x00, 0x00, 0x00,
    0x00, 0xF2, 0xFF, 0x07, 0xFF, 0xAF, 0x00, 0x00, 0x00, 0x00, 0x00, 0xF2, 0xFF, 0x07, 0xFF, 0xAF,
    0x00, 0x00, 0x00, 0x00, 0x00, 0xF2, 0xFF, 0x07, 0xFF, 0xAF, 0x00, 0x00, 0x00, 0x00, 0x00, 0xF2,
    0xFF, 0x07, 0xFF, 0xAF, 0x00, 0x00, 0x00, 0x00, 0x00, 0xF2, 0xFF, 0x07, 0xFF, 0xAF, 0x00, 0x00,
    0x00, 0x00, 0x00, 0xF2, 0xFF, 0x07, 0xFF, 0xAF, 0x00, 0x00, 0x00, 0x00, 0x00, 0xF2, 0xFF, 0x07,
    0xFF, 0xAF, 0x00, 0x00, 0x00, 0x00, 0x00, 0xF2, 0xFF, 0x07, 0xFF, 0xAF, 0x00, 0x00, 0x00, 0x00,
    0x00, 0xF2, 0xFF, 0x07, 0xFF, 0xAF, 0x00, 0x00, 0x00, 0x00, 0x00, 0xF2, 0xFF, 0x07, 0xFB, 0x6F,
    0x00, 0x00, 0x00, 0x00, 0x00, 0xD1, 0xEF, 0x04,
    // Unicode: [0x0069, i]
    0xE3, 0xFF, 0x0C, 0xF6, 0xFF, 0x1F, 0xF6, 0xFF, 0x1F, 0xF5, 0xFF, 0x0E, 0x50, 0x66, 0x03, 0x00,
    0x00, 0x00, 0x00, 0x00, 0x00, 0xB0, 0xFF, 0x06, 0xF0, 0xFF, 0x0A, 0xF0, 0xFF, 0x0A, 0xF0, 0xFF,
    0x0A, 0xF0, 0xFF, 0x0A, 0xF0, 0xFF, 0x0A, 0xF0, 0xFF, 0x0A, 0xF0, 0xFF, 0x0A, 0xF0, 0xFF, 0x0A,
    0xF0, 0xFF, 0x0A, 0xF0, 0xFF, 0x0A, 0xF0, 0xFF, 0x0A, 0xF0, 0xFF, 0x0A, 0xF0, 0xFF, 0x0A, 0xF0,
    0xFF, 0x0A, 0xF0, 0xFF, 0x0A, 0xF0, 0xFF, 0x0A, 0xF0, 0xFF, 0x0A, 0xF0, 0xFF, 0x0A, 0xF0, 0xFF,
    0x0A, 0xB0, 0xFF, 0x06,
    // Unicode: [0x006B, k]
    0xFB, 0x6F, 0x00, 0x00, 0x00, 0x00, 0x00, 0x00, 0x00, 0xFF, 0xAF, 0x00, 0x00, 0x00, 0x00, 0x00,
    0x00, 0x00, 0xFF, 0xAF, 0x00, 0x00, 0x00, 0x00, 0x00, 0x00, 0x00, 0xFF, 0xAF, 0x00, 0x00, 0x00,
    0x00, 0x00, 0x00, 0x00, 0xFF, 0xAF, 0x00, 0x00, 0x00, 0x00, 0x00, 0x00, 0x00, 0xFF, 0xAF, 0x00,
    0x00, 0x00, 0x00, 0x00, 0x00, 0x00, 0xFF, 0xAF, 0x00, 0x00, 0x00, 0x00, 0x00, 0x00, 0x00, 0xFF,
    0xAF, 0x00, 0x00, 0x00, 0x50, 0xFD, 0xBF, 0x00, 0xFF, 0xAF, 0x00, 0x00, 0x00, 0xF9, 0xFF, 0xAF,
    0x00, 0xFF, 0xAF, 0x00, 0x00, 0xC2, 0xFF, 0xFF, 0x09, 0x00, 0xFF, 0xAF, 0x00, 0x40, 0xFE, 0xFF,
    0x5E, 0x00, 0x00, 0xFF, 0xAF, 0x00, 0xF7, 0xFF, 0xDF, 0x03, 0x00, 0x00, 0xFF, 0xAF, 0xA1, 0xFF,
    0xFF, 0x1B, 0x00, 0x00, 0x00, 0xFF, 0xCF, 0xFD, 0xFF, 0x8F, 0x00, 0x00, 0x00, 0x00, 0xFF, 0xFF,
    0xFF, 0xEF, 0x05, 0x00, 0x00, 0x00, 0x00, 0xFF, 0xFF, 0xFF, 0x2D, 0x00, 0x00, 0x00, 0x00, 0x00,
    0xFF, 0xFF, 0xFF, 0x03, 0x00, 0x00, 0x00, 0x00, 0x00, 0xFF, 0xFF, 0xFF, 0x3E, 0x00, 0x00, 0x00,
    0x00, 0x00, 0xFF, 0xFF, 0xFF, 0xEF, 0x03, 0x00, 0x00, 0x00, 0x00, 0xFF, 0xBF, 0xFD, 0xFF, 0x4E,
    0x00, 0x00, 0x00, 0x00, 0xFF, 0xAF, 0xC1, 0xFF, 0xFF, 0x05, 0x00, 0x00, 0x00, 0xFF, 0xAF, 0x10,
    0xFB, 0xFF, 0x6F, 0x00, 0x00, 0x00, 0xFF, 0xAF, 0x00, 0xA0, 0xFF, 0xFF, 0x07, 0x00, 0x00, 0xFF,
    0xAF, 0x00, 0x00, 0xFA, 0xFF, 0x8F, 0x00, 0x00, 0xFF, 0xAF, 0x00, 0x00, 0x90, 0xFF, 0xFF, 0x09,
    0x00, 0xFF, 0xAF, 0x00, 0x00, 0x00, 0xF8, 0xFF, 0xAF, 0x00, 0xFF, 0xAF, 0x00, 0x00, 0x00, 0x70,
    0xFF, 0xFF, 0x0A, 0xFB, 0x6F, 0x00, 0x00, 0x00, 0x00, 0xD5, 0xFF, 0x0B,
    // Unicode: [0x006C, l]
    0xFB, 0x6F, 0xFF, 0xAF, 0xFF, 0xAF, 0xFF, 0xAF, 0xFF, 0xAF, 0xFF, 0xAF, 0xFF, 0xAF, 0xFF, 0xAF,
    0xFF, 0xAF, 0xFF, 0xAF, 0xFF, 0xAF, 0xFF, 0xAF, 0xFF, 0xAF, 0xFF, 0xAF, 0xFF, 0xAF, 0xFF, 0xAF,
    0xFF, 0xAF, 0xFF, 0xAF, 0xFF, 0xAF, 0xFF, 0xAF, 0xFF, 0xAF, 0xFF, 0xAF, 0xFF, 0xAF, 0xFF, 0xAF,
    0xFF, 0xAF, 0xFF, 0xAF, 0xFF, 0xAF, 0xFB, 0x6F,
    // Unicode: [0x006D, m]
    0xFB, 0x5F, 0x20, 0xD8, 0xEE, 0xAD, 0x05, 0x00, 0x00, 0x93, 0xED, 0xDE, 0x6A, 0x00, 0x00, 0xFF,
    0xAF, 0xE5, 0xFF, 0xFF, 0xFF, 0xBF, 0x01, 0x80, 0xFF, 0xFF, 0xFF, 0xFF, 0x2D, 0x00, 0xFF, 0xDF,
    0xFF, 0xFF, 0xFF, 0xFF, 0xFF, 0x1C, 0xFA, 0xFF, 0xFF, 0xFF, 0xFF, 0xDF, 0x01, 0xFF, 0xFF, 0xFF,
    0x7C, 0x86, 0xFD, 0xFF, 0xDF, 0xFF, 0xCF, 0x68, 0xC8, 0xFF, 0xFF, 0x09, 0xFF, 0xFF, 0x5F, 0x00,
    0x00, 0x80, 0xFF, 0xFF, 0xFF, 0x06, 0x00, 0x00, 0xF7, 0xFF, 0x1F, 0xFF, 0xFF, 0x07, 0x00, 0x00,
    0x00, 0xFB, 0xFF, 0x8F, 0x00, 0x00, 0x00, 0xA0, 0xFF, 0x6F, 0xFF, 0xFF, 0x01, 0x00, 0x00, 0x00,
    0xF5, 0xFF, 0x2F, 0x00, 0x00, 0x00, 0x40, 0xFF, 0x9F, 0xFF, 0xCF, 0x00, 0x00, 0x00, 0x00, 0xF1,
    0xFF, 0x0D, 0x00, 0x00, 0x00, 0x00, 0xFF, 0xBF, 0xFF, 0xAF, 0x00, 0x00, 0x00, 0x00, 0xF0, 0xFF,
    0x0B, 0x00, 0x00, 0x00, 0x00, 0xFD, 0xCF, 0xFF, 0xAF, 0x00, 0x00, 0x00, 0x00, 0xE0, 0xFF, 0x0B,
    0x00, 0x00, 0x00, 0x00, 0xFD, 0xCF, 0xFF, 0xAF, 0x00, 0x00, 0x00, 0x00, 0xE0, 0xFF, 0x0B, 0x00,
    0x00, 0x00, 0x00, 0xFD, 0xCF, 0xFF, 0xAF, 0x00, 0x00, 0x00, 0x00, 0xE0, 0xFF, 0x0B, 0x00, 0x00,
    0x00, 0x00, 0xFD, 0xCF, 0xFF, 0xAF, 0x00, 0x00, 0x00, 0x00, 0xE0, 0xFF, 0x0B, 0x00, 0x00, 0x00,
    0x00, 0xFD, 0xCF, 0xFF, 0xAF, 0x00, 0x00, 0x00, 0x00, 0xE0, 0xFF, 0x0B, 0x00, 0x00, 0x00, 0x00,
    0xFD, 0xCF, 0xFF, 0xAF, 0x00, 0x00, 0x00, 0x00, 0xE0, 0xFF, 0x0B, 0x00, 0x00, 0x00, 0x00, 0xFD,
    0xCF, 0xFF, 0xAF, 0x00, 0x00, 0x00, 0x00, 0xE0, 0xFF, 0x0B, 0x00, 0x00, 0x00, 0x00, 0xFD, 0xCF,
    0xFF, 0xAF, 0x00, 0x00, 0x00, 0x00, 0xE0, 0xFF, 0x0B, 0x00, 0x00, 0x00, 0x00, 0xFD, 0xCF, 0xFF,
    0xAF, 0x00, 0x00, 0x00, 0x00, 0xE0, 0xFF, 0x0B, 0x00, 0x00, 0x00, 0x00, 0xFD, 0xCF, 0xFF, 0xAF,
    0x00, 0x00, 0x00, 0x00, 0xE0, 0xFF, 0x0B, 0x00, 0x00, 0x00, 0x00, 0xFD, 0xCF, 0xFF, 0xAF, 0x00,
    0x00, 0x00, 0x00, 0xE0, 0xFF, 0x0B, 0x00, 0x00, 0x00, 0x00, 0xFD, 0xCF, 0xFB, 0x6F, 0x00, 0x00,
    0x00, 0x00, 0xA0, 0xFF, 0x07, 0x00, 0x00, 0x00, 0x00, 0xF9, 0x8F,
    // Unicode: [0x006E, n]
    0xFB, 0x5F, 0x10, 0xB6, 0xFD, 0xDE, 0x4A, 0x00, 0x00, 0x00, 0xFF, 0xAF, 0xD4, 0xFF, 0xFF, 0xFF,
    0xFF, 0x2B, 0x00, 0x00, 0xFF, 0xDF, 0xFF, 0xFF, 0xFF, 0xFF, 0xFF, 0xEF, 0x03, 0x00, 0xFF, 0xFF,
    0xFF, 0xAE, 0x67, 0xC8, 0xFF, 0xFF, 0x1D, 0x00, 0xFF, 0xFF, 0xAF, 0x01, 0x00, 0x00, 0xE4, 0xFF,
    0x8F, 0x00, 0xFF, 0xFF, 0x0B, 0x00, 0x00, 0x00, 0x40, 0xFF, 0xEF, 0x00, 0xFF, 0xFF, 0x03, 0x00,
    0x00, 0x00, 0x00, 0xFA, 0xFF, 0x03, 0xFF, 0xDF, 0x00, 0x00, 0x00, 0x00, 0x00, 0xF6, 0xFF, 0x06,
    0xFF, 0xBF, 0x00, 0x00, 0x00, 0x00, 0x00, 0xF3, 0xFF, 0x07, 0xFF, 0xAF, 0x00, 0x00, 0x00, 0x00,
    0x00, 0xF2, 0xFF, 0x07, 0xFF, 0xAF, 0x00, 0x00, 0x00, 0x00, 0x00, 0xF2, 0xFF, 0x07, 0xFF, 0xAF,
    0x00, 0x00, 0x00, 0x00, 0x00, 0xF2, 0xFF, 0x07, 0xFF, 0xAF, 0x00, 0x00, 0x00, 0x00, 0x00, 0xF2,
    0xFF, 0x07, 0xFF, 0xAF, 0x00, 0x00, 0x00, 0x00, 0x00, 0xF2, 0xFF, 0x07, 0xFF, 0xAF, 0x00, 0x00,
    0x00, 0x00, 0x00, 0xF2, 0xFF, 0x07, 0xFF, 0xAF, 0x00, 0x00, 0x00, 0x00, 0x00, 0xF2, 0xFF, 0x07,
    0xFF, 0xAF, 0x00, 0x00, 0x00, 0x00, 0x00, 0xF2, 0xFF, 0x07, 0xFF, 0xAF, 0x00, 0x00, 0x00, 0x00,
    0x00, 0xF2, 0xFF, 0x07, 0xFF, 0xAF, 0x00, 0x00, 0x00, 0x00, 0x00, 0xF2, 0xFF, 0x07, 0xFF, 0xAF,
    0x00, 0x00, 0x00, 0x00, 0x00, 0xF2, 0xFF, 0x07, 0xFB, 0x6F, 0x00, 0x00, 0x00, 0x00, 0x00, 0xD1,
    0xEF, 0x04,
    // Unicode: [0x006F, o]
    0x00, 0x00, 0x40, 0xC9, 0xFE, 0xCE, 0x59, 0x00, 0x00, 0x00, 0x00, 0x30, 0xFC, 0xFF, 0xFF, 0xFF,
    0xFF, 0x3C, 0x00, 0x00, 0x00, 0xF4, 0xFF, 0xFF, 0xFF, 0xFF, 0xFF, 0xFF, 0x05, 0x00, 0x30, 0xFE,
    0xFF, 0xAF, 0x67, 0xA7, 0xFF, 0xFF, 0x3F, 0x00, 0xB0, 0xFF, 0xCF, 0x02, 0x00, 0x00, 0xC2, 0xFF,
    0xCF, 0x00, 0xF3, 0xFF, 0x1D, 0x00, 0x00, 0x00, 0x10, 0xFD, 0xFF, 0x04, 0xF8, 0xFF, 0x05, 0x00,
    0x00, 0x00, 0x00, 0xF4, 0xFF, 0x09, 0xFC, 0xEF, 0x00, 0x00, 0x00, 0x00, 0x00, 0xE0, 0xFF, 0x0C,
    0xFE, 0xBF, 0x00, 0x00, 0x00, 0x00, 0x00, 0xB0, 0xFF, 0x0E, 0xFF, 0xAF, 0x00, 0x00, 0x00, 0x00,
    0x00, 0x90, 0xFF, 0x0F, 0xFF, 0xAF, 0x00, 0x00, 0x00, 0x00, 0x00, 0x90, 0xFF, 0x1F, 0xFF, 0xAF,
    0x00, 0x00, 0x00, 0x00, 0x00, 0x90, 0xFF, 0x0F, 0xFE, 0xBF, 0x00, 0x00, 0x00, 0x00, 0x00, 0xB0,
    0xFF, 0x0E, 0xFB, 0xEF, 0x00, 0x00, 0x00, 0x00, 0x00, 0xE0, 0xFF, 0x0C, 0xF8, 0xFF, 0x05, 0x00,
    0x00, 0x00, 0x00, 0xF4, 0xFF, 0x09, 0xF3, 0xFF, 0x1D, 0x00, 0x00, 0x00, 0x10, 0xFC, 0xFF, 0x04,
    0xB0, 0xFF, 0xCF, 0x02, 0x00, 0x00, 0xB2, 0xFF, 0xCF, 0x00, 0x20, 0xFE, 0xFF, 0xAF, 0x67, 0xA7,
    0xFF, 0xFF, 0x3E, 0x00, 0x00, 0xE4, 0xFF, 0xFF, 0xFF, 0xFF, 0xFF, 0xFF, 0x05, 0x00, 0x00, 0x30,
    0xFC, 0xFF, 0xFF, 0xFF, 0xFF, 0x3C, 0x00, 0x00, 0x00, 0x00, 0x40, 0xC9, 0xFE, 0xDE, 0x59, 0x00,
    0x00, 0x00,
    // Unicode: [0x0070, p]
    0xFB, 0x5F, 0x10, 0xB6, 0xFD, 0xDE, 0x49, 0x00, 0x00, 0x00, 0xFF, 0xAF, 0xD4, 0xFF, 0xFF, 0xFF,
    0xFF, 0x1B, 0x00, 0x00, 0xFF, 0xDF, 0xFF, 0xFF, 0xFF, 0xFF, 0xFF, 0xEF, 0x03, 0x00, 0xFF, 0xFF,
    0xFF, 0xAF, 0x67, 0xB8, 0xFF, 0xFF, 0x1D, 0x00, 0xFF, 0xFF, 0xCF, 0x02, 0x00, 0x00, 0xD3, 0xFF,
    0x9F, 0x00, 0xFF, 0xFF, 0x1C, 0x00, 0x00, 0x00, 0x20, 0xFE, 0xFF, 0x02, 0xFF, 0xFF, 0x03, 0x00,
    0x00, 0x00, 0x00, 0xF7, 0xFF, 0x07, 0xFF, 0xDF, 0x00, 0x00, 0x00, 0x00, 0x00, 0xF1, 0xFF, 0x0B,
    0xFF, 0xAF, 0x00, 0x00, 0x00, 0x00, 0x00, 0xD0, 0xFF, 0x0D, 0xFF, 0x9F, 0x00, 0x00, 0x00, 0x00,
    0x00, 0xB0, 0xFF, 0x0E, 0xFF, 0x9F, 0x00, 0x00, 0x00, 0x00, 0x00, 0xA0, 0xFF, 0x0E, 0xFF, 0x9F,
    0x00, 0x00, 0x00, 0x00, 0x00, 0xB0, 0xFF, 0x0E, 0xFF, 0xBF, 0x00, 0x00, 0x00, 0x00, 0x00, 0xD0,
    0xFF, 0x0D, 0xFF, 0xDF, 0x00, 0x00, 0x00, 0x00, 0x00, 0xF1, 0xFF, 0x0B, 0xFF, 0xFF, 0x04, 0x00,
    0x00, 0x00, 0x00, 0xF7, 0xFF, 0x07, 0xFF, 0xFF, 0x0C, 0x00, 0x00, 0x00, 0x20, 0xFE, 0xFF, 0x02,
    0xFF, 0xFF, 0xBF, 0x02, 0x00, 0x00, 0xD3, 0xFF, 0xAF, 0x00, 0xFF, 0xFF, 0xFF, 0xAF, 0x67, 0xB8,
    0xFF, 0xFF, 0x1D, 0x00, 0xFF, 0xCF, 0xFE, 0xFF, 0xFF, 0xFF, 0xFF, 0xEF, 0x03, 0x00, 0xFF, 0xAF,
    0xD3, 0xFF, 0xFF, 0xFF, 0xFF, 0x1B, 0x00, 0x00, 0xFF, 0xAF, 0x00, 0xB6, 0xFD, 0xDE, 0x49, 0x00,
    0x00, 0x00, 0xFF, 0xAF, 0x00, 0x00, 0x00, 0x00, 0x00, 0x00, 0x00, 0x00, 0xFF, 0xAF, 0x00, 0x00,
    0x00, 0x00, 0x00, 0x00, 0x00, 0x00, 0xFF, 0xAF, 0x00, 0x00, 0x00, 0x00, 0x00, 0x00, 0x00, 0x00,
    0xFF, 0xAF, 0x00, 0x00, 0x00, 0x00, 0x00, 0x00, 0x00, 0x00, 0xFF, 0xAF, 0x00, 0x00, 0x00, 0x00,
    0x00, 0x00, 0x00, 0x00, 0xFF, 0xAF, 0x00, 0x00, 0x00, 0x00, 0x00, 0x00, 0x00, 0x00, 0xFF, 0xAF,
    0x00, 0x00, 0x00, 0x00, 0x00, 0x00, 0x00, 0x00, 0xFB, 0x5F, 0x00, 0x00, 0x00, 0x00, 0x00, 0x00,
    0x00, 0x00,
    // Unicode: [0x0072, r]
    0xFB, 0x6F, 0x50, 0xEB, 0xFF, 0x6F, 0xFF, 0xAF, 0xFA, 0xFF, 0xFF, 0xAF, 0xFF, 0xEF, 0xFF, 0xFF,
    0xFF, 0x9F, 0xFF, 0xFF, 0xFF, 0x7A, 0x66, 0x16, 0xFF, 0xFF, 0x2D, 0x00, 0x00, 0x00, 0xFF, 0xFF,
    0x03, 0x00, 0x00, 0x00, 0xFF, 0xCF, 0x00, 0x00, 0x00, 0x00, 0xFF, 0xAF, 0x00, 0x00, 0x00, 0x00,
    0xFF, 0xAF, 0x00, 0x00, 0x00, 0x00, 0xFF, 0xAF, 0x00, 0x00, 0x00, 0x00, 0xFF, 0xAF, 0x00, 0x00,
    0x00, 0x00, 0xFF, 0xAF, 0x00, 0x00, 0x00, 0x00, 0xFF, 0xAF, 0x00, 0x00, 0x00, 0x00, 0xFF, 0xAF,
    0x00, 0x00, 0x00, 0x00, 0xFF, 0xAF, 0x00, 0x00, 0x00, 0x00, 0xFF, 0xAF, 0x00, 0x00, 0x00, 0x00,
    0xFF, 0xAF, 0x00, 0x00, 0x00, 0x00, 0xFF, 0xAF, 0x00, 0x00, 0x00, 0x00, 0xFF, 0xAF, 0x00, 0x00,
    0x00, 0x00, 0xFF, 0xAF, 0x00, 0x00, 0x00, 0x00, 0xFB, 0x6F, 0x00, 0x00, 0x00, 0x00,
    // Unicode: [0x0073, s]
    0x00, 0x00, 0x72, 0xDB, 0xEE, 0xBD, 0x27, 0x00, 0x00, 0x00, 0x70, 0xFF, 0xFF, 0xFF, 0xFF, 0xFF,
    0x1A, 0x00, 0x00, 0xF9, 0xFF, 0xFF, 0xFF, 0xFF, 0xFF, 0xDF, 0x01, 0x40, 0xFF, 0xFF, 0x8D, 0x77,
    0xC8, 0xFF, 0xFF, 0x09, 0xA0, 0xFF, 0x6F, 0x00, 0x00, 0x00, 0xE4, 0xFF, 0x0C, 0xC0, 0xFF, 0x0D,
    0x00, 0x00, 0x00, 0x20, 0x77, 0x03, 0xC0, 0xFF, 0x0E, 0x00, 0x00, 0x00, 0x00, 0x00, 0x00, 0x90,
    0xFF, 0x9F, 0x01, 0x00, 0x00, 0x00, 0x00, 0x00, 0x30, 0xFF, 0xFF, 0xAE, 0x37, 0x00, 0x00, 0x00,
    0x00, 0x00, 0xF6, 0xFF, 0xFF, 0xFF, 0xBF, 0x27, 0x00, 0x00, 0x00, 0x40, 0xFC, 0xFF, 0xFF, 0xFF,
    0xFF, 0x2A, 0x00, 0x00, 0x00, 0x30, 0xB7, 0xFE, 0xFF, 0xFF, 0xEF, 0x02, 0x00, 0x00, 0x00, 0x00,
    0x20, 0xA6, 0xFF, 0xFF, 0x0C, 0x00, 0x00, 0x00, 0x00, 0x00, 0x00, 0xC2, 0xFF, 0x4F, 0x00, 0x00,
    0x00, 0x00, 0x00, 0x00, 0x40, 0xFF, 0x7F, 0x80, 0xAA, 0x03, 0x00, 0x00, 0x00, 0x40, 0xFF, 0x7F,
    0xF3, 0xFF, 0x4E, 0x00, 0x00, 0x00, 0xD3, 0xFF, 0x3F, 0xD0, 0xFF, 0xFF, 0x8C, 0x77, 0xC8, 0xFF,
    0xFF, 0x0B, 0x20, 0xFD, 0xFF, 0xFF, 0xFF, 0xFF, 0xFF, 0xDF, 0x01, 0x00, 0x91, 0xFF, 0xFF, 0xFF,
    0xFF, 0xFF, 0x19, 0x00, 0x00, 0x00, 0x72, 0xDB, 0xFE, 0xBD, 0x27, 0x00, 0x00,
    // Unicode: [0x0074, t]
    0x00, 0x00, 0xD1, 0xEF, 0x03, 0x00, 0x00, 0x00, 0x00, 0x00, 0xF3, 0xFF, 0x07, 0x00, 0x00, 0x00,
    0x00, 0x00, 0xF3, 0xFF, 0x07, 0x00, 0x00, 0x00, 0x00, 0x00, 0xF3, 0xFF, 0x07, 0x00, 0x00, 0x00,
    0x00, 0x00, 0xF3, 0xFF, 0x07, 0x00, 0x00, 0x00, 0x00, 0x00, 0xF3, 0xFF, 0x07, 0x00, 0x00, 0x00,
    0x00, 0x00, 0xF3, 0xFF, 0x07, 0x00, 0x00, 0x00, 0xD1, 0xFF, 0xFF, 0xFF, 0xFF, 0xFF, 0xFF, 0x05,
    0xF3, 0xFF, 0xFF, 0xFF, 0xFF, 0xFF, 0xFF, 0x09, 0xF3, 0xFF, 0xFF, 0xFF, 0xFF, 0xFF, 0xFF, 0x08,
    0x40, 0x66, 0xF8, 0xFF, 0x6A, 0x66, 0x66, 0x01, 0x00, 0x00, 0xF3, 0xFF, 0x07, 0x00, 0x00, 0x00,
    0x00, 0x00, 0xF3, 0xFF, 0x07, 0x00, 0x00, 0x00, 0x00, 0x00, 0xF3, 0xFF, 0x07, 0x00, 0x00, 0x00,
    0x00, 0x00, 0xF3, 0xFF, 0x07, 0x00, 0x00, 0x00, 0x00, 0x00, 0xF3, 0xFF, 0x07, 0x00, 0x00, 0x00,
    0x00, 0x00, 0xF3, 0xFF, 0x07, 0x00, 0x00, 0x00, 0x00, 0x00, 0xF3, 0xFF, 0x07, 0x00, 0x00, 0x00,
    0x00, 0x00, 0xF3, 0xFF, 0x07, 0x00, 0x00, 0x00, 0x00, 0x00, 0xF3, 0xFF, 0x07, 0x00, 0x00, 0x00,
    0x00, 0x00, 0xF3, 0xFF, 0x07, 0x00, 0x00, 0x00, 0x00, 0x00, 0xF3, 0xFF, 0x07, 0x00, 0x00, 0x00,
    0x00, 0x00, 0xF1, 0xFF, 0x0A, 0x00, 0x00, 0x00, 0x00, 0x00, 0xE0, 0xFF, 0x2F, 0x00, 0x00, 0x00,
    0x00, 0x00, 0x90, 0xFF, 0xEF, 0x68, 0x66, 0x03, 0x00, 0x00, 0x20, 0xFE, 0xFF, 0xFF, 0xFF, 0x0E,
    0x00, 0x00, 0x00, 0xE4, 0xFF, 0xFF, 0xFF, 0x0F, 0x00, 0x00, 0x00, 0x20, 0xC8, 0xFE, 0xFF, 0x0B,
    // Unicode: [0x0075, u]
    0xD1, 0xEF, 0x03, 0x00, 0x00, 0x00, 0x00, 0x80, 0xFF, 0x09, 0xF3, 0xFF, 0x07, 0x00, 0x00, 0x00,
    0x00, 0xB0, 0xFF, 0x0D, 0xF3, 0xFF, 0x07, 0x00, 0x00, 0x00, 0x00, 0xC0, 0xFF, 0x0D, 0xF3, 0xFF,
    0x07, 0x00, 0x00, 0x00, 0x00, 0xC0, 0xFF, 0x0D, 0xF3, 0xFF, 0x07, 0x00, 0x00, 0x00, 0x00, 0xC0,
    0xFF, 0x0D, 0xF3, 0xFF, 0x07, 0x00, 0x00, 0x00, 0x00, 0xC0, 0xFF, 0x0D, 0xF3, 0xFF, 0x07, 0x00,
    0x00, 0x00, 0x00, 0xC0, 0xFF, 0x0D, 0xF3, 0xFF, 0x07, 0x00, 0x00, 0x00, 0x00, 0xC0, 0xFF, 0x0D,
    0xF3, 0xFF, 0x07, 0x00, 0x00, 0x00, 0x00, 0xC0, 0xFF, 0x0D, 0xF3, 0xFF, 0x07, 0x00, 0x00, 0x00,
    0x00, 0xC0, 0xFF, 0x0D, 0xF3, 0xFF, 0x07, 0x00, 0x00, 0x00, 0x00, 0xC0, 0xFF, 0x0D, 0xF3, 0xFF,
    0x07, 0x00, 0x00, 0x00, 0x00, 0xC0, 0xFF, 0x0D, 0xF3, 0xFF, 0x07, 0x00, 0x00, 0x00, 0x00, 0xC0,
    0xFF, 0x0D, 0xF2, 0xFF, 0x0A, 0x00, 0x00, 0x00, 0x00, 0xE0, 0xFF, 0x0D, 0xE0, 0xFF, 0x0E, 0x00,
    0x00, 0x00, 0x00, 0xF4, 0xFF, 0x0D, 0xB0, 0xFF, 0x6F, 0x00, 0x00, 0x00, 0x00, 0xFC, 0xFF, 0x0D,
    0x50, 0xFF, 0xFF, 0x05, 0x00, 0x00, 0xA1, 0xFF, 0xFF, 0x0D, 0x00, 0xFB, 0xFF, 0xCF, 0x68, 0x97,
    0xFE, 0xFF, 0xFF, 0x0D, 0x00, 0xD1, 0xFF, 0xFF, 0xFF, 0xFF, 0xFF, 0xDE, 0xFF, 0x0D, 0x00, 0x10,
    0xFB, 0xFF, 0xFF, 0xFF, 0xDF, 0xB3, 0xFF, 0x0D, 0x00, 0x00, 0x40, 0xD9, 0xFE, 0xBD, 0x06, 0x70,
    0xFF, 0x09,
    // Unicode: [0x0076, v]
    0xF8, 0x9F, 0x00, 0x00, 0x00, 0x00, 0x00, 0x00, 0xE4, 0xDF, 0x01, 0xF9, 0xFF, 0x03, 0x00, 0x00,
    0x00, 0x00, 0x00, 0xFC, 0xEF, 0x01, 0xF3, 0xFF, 0x0A, 0x00, 0x00, 0x00, 0x00, 0x40, 0xFF, 0x9F,
    0x00, 0xB0, 0xFF, 0x1F, 0x00, 0x00, 0x00, 0x00, 0xA0, 0xFF, 0x3F, 0x00, 0x50, 0xFF, 0x7F, 0x00,
    0x00, 0x00, 0x00, 0xF2, 0xFF, 0x0B, 0x00, 0x00, 0xFD, 0xEF, 0x00, 0x00, 0x00, 0x00, 0xF8, 0xFF,
    0x05, 0x00, 0x00, 0xF7, 0xFF, 0x05, 0x00, 0x00, 0x00, 0xFE, 0xDF, 0x00, 0x00, 0x00, 0xF1, 0xFF,
    0x0B, 0x00, 0x00, 0x50, 0xFF, 0x7F, 0x00, 0x00, 0x00, 0xA0, 0xFF, 0x3F, 0x00, 0x00, 0xC0, 0xFF,
    0x1F, 0x00, 0x00, 0x00, 0x30, 0xFF, 0x9F, 0x00, 0x00, 0xF3, 0xFF, 0x09, 0x00, 0x00, 0x00, 0x00,
    0xFC, 0xEF, 0x01, 0x00, 0xF9, 0xFF, 0x03, 0x00, 0x00, 0x00, 0x00, 0xF6, 0xFF, 0x07, 0x10, 0xFF,
    0xCF, 0x00, 0x00, 0x00, 0x00, 0x00, 0xE0, 0xFF, 0x0D, 0x70, 0xFF, 0x5F, 0x00, 0x00, 0x00, 0x00,
    0x00, 0x80, 0xFF, 0x5F, 0xD0, 0xFF, 0x0D, 0x00, 0x00, 0x00, 0x00, 0x00, 0x20, 0xFF, 0xBF, 0xF5,
    0xFF, 0x07, 0x00, 0x00, 0x00, 0x00, 0x00, 0x00, 0xFA, 0xFF, 0xFD, 0xFF, 0x01, 0x00, 0x00, 0x00,
    0x00, 0x00, 0x00, 0xF4, 0xFF, 0xFF, 0xAF, 0x00, 0x00, 0x00, 0x00, 0x00, 0x00, 0x00, 0xC0, 0xFF,
    0xFF, 0x3F, 0x00, 0x00, 0x00, 0x00, 0x00, 0x00, 0x00, 0x60, 0xFF, 0xFF, 0x0C, 0x00, 0x00, 0x00,
    0x00, 0x00, 0x00, 0x00, 0x10, 0xFE, 0xFF, 0x05, 0x00, 0x00, 0x00, 0x00, 0x00, 0x00, 0x00, 0x00,
    0xE6, 0xBF, 0x00, 0x00, 0x00, 0x00, 0x00,
    // Unicode: [0x0078, x]
    0xF4, 0xEF, 0x06, 0x00, 0x00, 0x00, 0x00, 0x60, 0xFE, 0x3E, 0xF3, 0xFF, 0x5F, 0x00, 0x00, 0x00,
    0x00, 0xF4, 0xFF, 0x3F, 0x70, 0xFF, 0xEF, 0x02, 0x00, 0x00, 0x20, 0xFE, 0xFF, 0x07, 0x00, 0xFA,
    0xFF, 0x1C, 0x00, 0x00, 0xC0, 0xFF, 0xAF, 0x00, 0x00, 0xD1, 0xFF, 0xAF, 0x00, 0x00, 0xF9, 0xFF,
    0x1C, 0x00, 0x00, 0x20, 0xFE, 0xFF, 0x07, 0x60, 0xFF, 0xEF, 0x02, 0x00, 0x00, 0x00, 0xF5, 0xFF,
    0x4F, 0xF3, 0xFF, 0x5F, 0x00, 0x00, 0x00, 0x00, 0x80, 0xFF, 0xEF, 0xFD, 0xFF, 0x08, 0x00, 0x00,
    0x00, 0x00, 0x00, 0xFB, 0xFF, 0xFF, 0xBF, 0x00, 0x00, 0x00, 0x00, 0x00, 0x00, 0xD1, 0xFF, 0xFF,
    0x1D, 0x00, 0x00, 0x00, 0x00, 0x00, 0x00, 0x90, 0xFF, 0xFF, 0x07, 0x00, 0x00, 0x00, 0x00, 0x00,
    0x00, 0xF5, 0xFF, 0xFF, 0x3F, 0x00, 0x00, 0x00, 0x00, 0x00, 0x30, 0xFE, 0xFF, 0xFF, 0xDF, 0x01,
    0x00, 0x00, 0x00, 0x00, 0xD1, 0xFF, 0x8F, 0xFC, 0xFF, 0x0B, 0x00, 0x00, 0x00, 0x00, 0xFB, 0xFF,
    0x0B, 0xE1, 0xFF, 0x8F, 0x00, 0x00, 0x00, 0x80, 0xFF, 0xDF, 0x01, 0x40, 0xFF, 0xFF, 0x05, 0x00,
    0x00, 0xF5, 0xFF, 0x3F, 0x00, 0x00, 0xF6, 0xFF, 0x3E, 0x00, 0x20, 0xFE, 0xFF, 0x06, 0x00, 0x00,
    0xA0, 0xFF, 0xDF, 0x01, 0xD1, 0xFF, 0x9F, 0x00, 0x00, 0x00, 0x10, 0xFC, 0xFF, 0x0B, 0xF9, 0xFF,
    0x0C, 0x00, 0x00, 0x00, 0x00, 0xE2, 0xFF, 0x7F, 0xFA, 0xCF, 0x02, 0x00, 0x00, 0x00, 0x00, 0x40,
    0xFE, 0x7F,
    // Unicode: [0x0079, y]
    0xF8, 0xAF, 0x00, 0x00, 0x00, 0x00, 0x00, 0x00, 0xE4, 0xEF, 0x01, 0xF9, 0xFF, 0x04, 0x00, 0x00,
    0x00, 0x00, 0x00, 0xFC, 0xFF, 0x01, 0xF2, 0xFF, 0x0B, 0x00, 0x00, 0x00, 0x00, 0x40, 0xFF, 0x9F,
    0x00, 0xB0, 0xFF, 0x3F, 0x00, 0x00, 0x00, 0x00, 0xB0, 0xFF, 0x2F, 0x00, 0x40, 0xFF, 0x9F, 0x00,
    0x00, 0x00, 0x00, 0xF2, 0xFF, 0x0B, 0x00, 0x00, 0xFC, 0xFF, 0x01, 0x00, 0x00, 0x00, 0xF9, 0xFF,
    0x04, 0x00, 0x00, 0xF6, 0xFF, 0x07, 0x00, 0x00, 0x10, 0xFE, 0xCF, 0x00, 0x00, 0x00, 0xE0, 0xFF,
    0x0E, 0x00, 0x00, 0x70, 0xFF, 0x5F, 0x00, 0x00, 0x00, 0x70, 0xFF, 0x6F, 0x00, 0x00, 0xE0, 0xFF,
    0x0D, 0x00, 0x00, 0x00, 0x10, 0xFF, 0xCF, 0x00, 0x00, 0xF6, 0xFF, 0x07, 0x00, 0x00, 0x00, 0x00,
    0xF9, 0xFF, 0x04, 0x00, 0xFD, 0xEF, 0x01, 0x00, 0x00, 0x00, 0x00, 0xF3, 0xFF, 0x0B, 0x40, 0xFF,
    0x8F, 0x00, 0x00, 0x00, 0x00, 0x00, 0xB0, 0xFF, 0x2F, 0xB0, 0xFF, 0x2F, 0x00, 0x00, 0x00, 0x00,
    0x00, 0x40, 0xFF, 0x9F, 0xF3, 0xFF, 0x0A, 0x00, 0x00, 0x00, 0x00, 0x00, 0x00, 0xFD, 0xEF, 0xFA,
    0xFF, 0x03, 0x00, 0x00, 0x00, 0x00, 0x00, 0x00, 0xF6, 0xFF, 0xFF, 0xBF, 0x00, 0x00, 0x00, 0x00,
    0x00, 0x00, 0x00, 0xE1, 0xFF, 0xFF, 0x5F, 0x00, 0x00, 0x00, 0x00, 0x00, 0x00, 0x00, 0x80, 0xFF,
    0xFF, 0x0D, 0x00, 0x00, 0x00, 0x00, 0x00, 0x00, 0x00, 0x20, 0xFF, 0xFF, 0x06, 0x00, 0x00, 0x00,
    0x00, 0x00, 0x00, 0x00, 0x00, 0xFE, 0xEF, 0x01, 0x00, 0x00, 0x00, 0x00, 0x00, 0x00, 0x00, 0x50,
    0xFF, 0x8F, 0x00, 0x00, 0x00, 0x00, 0x00, 0x00, 0x00, 0x00, 0xC0, 0xFF, 0x1F, 0x00, 0x00, 0x00,
    0x00, 0x00, 0x00, 0x00, 0x00, 0xF4, 0xFF, 0x09, 0x00, 0x00, 0x00, 0x00, 0x00, 0x00, 0x00, 0x00,
    0xFB, 0xFF, 0x02, 0x00, 0x00, 0x00, 0x00, 0x00, 0x00, 0x00, 0x20, 0xFF, 0xBF, 0x00, 0x00, 0x00,
    0x00, 0x00, 0x00, 0x00, 0x00, 0x90, 0xFF, 0x4F, 0x00, 0x00, 0x00, 0x00, 0x00, 0x00, 0x00, 0x00,
    0xF1, 0xFF, 0x0C, 0x00, 0x00, 0x00, 0x00, 0x00, 0x00, 0x00, 0x00, 0xF7, 0xFF, 0x05, 0x00, 0x00,
    0x00, 0x00, 0x00, 0x00, 0x00, 0x00, 0xF7, 0xBF, 0x00, 0x00, 0x00, 0x00, 0x00, 0x00, 0x00
};
